"#property","prefCode","regionCode","prefName","cityName","surveyDate","regionName","totalPopulation","male","woman","man1","woman1","man2","woman2","man3","woman3","man4","woman4","man5","woman5","man6","woman6","man7","woman7","man8","woman8","man9","woman9","man10","woman10","man11","woman11","man12","woman12","man13","woman13","man14","woman14","man15","woman15","man16","woman16","man17","woman17","man18","woman18","numberOfHouseholds","note","location"
"1","37201",,"香川県","高松市","10/1/2022","塩屋町","212","96","116","2","2","2","2","5","3","1","2","6","4","10","7","3","4","3","5","8","5","9","11","12","14","7","5","8","7","4","9","7","10","5","8","1","7","3","11","134",,"34.342286,134.055021"
"2","37201",,"香川県","高松市","10/1/2022","築地町","684","314","370","10","12","8","12","9","11","11","7","15","15","22","20","13","15","15","20","22","17","20","31","27","28","28","20","20","24","24","25","24","31","24","24","10","28","12","30","406",,"34.341274,134.056839"
"3","37201",,"香川県","高松市","10/1/2022","塩上町","120","60","60","2","2","2","1","1","0","0","0","6","2","12","7","7","5","2","2","0","3","7","5","1","1","4","4","2","2","3","1","2","3","4","8","0","7","5","7","82",,"34.335876,134.052375"
"4","37201",,"香川県","高松市","10/1/2022","塩上町１丁目","194","105","89","0","0","1","2","2","1","2","0","6","6","5","3","6","0","6","3","12","1","5","3","10","8","6","7","6","3","2","8","9","8","13","11","6","10","8","15","135",,"34.338200,134.053646"
"5","37201",,"香川県","高松市","10/1/2022","塩上町２丁目","688","334","354","5","6","5","8","10","7","10","9","28","20","29","25","13","9","12","14","23","16","35","35","27","28","29","23","28","22","20","30","21","26","19","20","9","25","11","31","445",,"34.338544,134.055472"
"6","37201",,"香川県","高松市","10/1/2022","塩上町３丁目","621","302","319","13","13","12","9","14","12","14","9","13","13","22","20","11","12","21","20","22","21","29","28","17","16","18","18","14","11","13","24","29","30","20","28","9","13","11","22","358",,"34.339112,134.057533"
"7","37201",,"香川県","高松市","10/1/2022","八坂町","77","34","43","2","2","1","1","0","1","1","2","0","1","2","3","2","1","1","0","5","4","1","3","0","0","2","3","2","2","1","2","4","5","0","4","5","5","5","4","46",,"34.339782,134.053748"
"8","37201",,"香川県","高松市","10/1/2022","福田町","233","102","131","2","1","3","4","5","2","8","6","4","4","6","3","1","1","5","4","3","13","9","11","7","6","7","7","11","11","7","8","7","17","6","4","7","8","4","21","131",,"34.341477,134.053890"
"9","37201",,"香川県","高松市","10/1/2022","常磐町１丁目","121","54","67","1","2","4","2","0","3","1","3","3","4","4","3","0","1","3","5","4","5","8","5","3","3","5","5","7","7","1","2","5","6","3","2","0","3","2","6","68",,"34.338740,134.051256"
"10","37201",,"香川県","高松市","10/1/2022","常磐町２丁目","252","135","117","0","2","2","2","2","2","1","1","14","8","18","9","7","4","6","4","10","3","7","6","12","6","9","11","10","6","6","5","10","12","5","5","7","12","9","19","180",,"34.337613,134.051101"
"11","37201",,"香川県","高松市","10/1/2022","瓦町１丁目","179","92","87","1","1","1","2","4","2","5","3","3","6","6","5","4","5","2","2","5","1","7","9","8","5","11","6","7","2","3","7","9","8","7","7","6","6","3","10","123",,"34.341325,134.051585"
"12","37201",,"香川県","高松市","10/1/2022","瓦町２丁目","266","119","147","2","0","2","2","2","4","3","3","5","6","6","8","4","6","6","4","6","3","8","14","8","10","9","5","12","9","6","10","19","26","10","11","4","8","7","18","171",,"34.339954,134.051305"
"13","37201",,"香川県","高松市","10/1/2022","古馬場町","171","89","82","0","0","0","0","2","1","2","0","3","2","1","1","9","1","3","0","2","3","14","4","3","3","4","8","7","3","12","7","8","9","6","7","5","8","8","25","123",,"34.342517,134.051924"
"14","37201",,"香川県","高松市","10/1/2022","御坊町","127","64","63","0","3","2","1","3","1","5","1","2","0","3","4","2","0","4","2","4","2","7","8","3","6","8","4","4","2","2","4","5","7","5","4","0","9","5","5","61",,"34.343378,134.052548"
"15","37201",,"香川県","高松市","10/1/2022","今新町","121","55","66","1","0","3","0","1","2","0","0","2","3","3","1","0","2","2","1","3","3","6","3","7","6","5","4","1","3","2","4","7","10","3","2","2","7","7","15","80",,"34.343979,134.052660"
"16","37201",,"香川県","高松市","10/1/2022","大工町","162","78","84","0","1","2","0","3","0","0","2","4","3","1","0","5","3","4","3","10","1","7","7","4","8","6","4","4","7","8","8","6","12","4","10","5","5","5","10","110",,"34.344544,134.052793"
"17","37201",,"香川県","高松市","10/1/2022","百間町","274","138","136","4","2","2","2","3","6","8","4","7","2","9","5","8","6","5","6","10","12","15","12","14","11","10","11","4","6","8","7","13","5","9","17","2","4","7","18","178",,"34.345116,134.052861"
"18","37201",,"香川県","高松市","10/1/2022","片原町","279","125","154","1","4","7","2","3","6","4","4","4","4","2","2","4","3","8","7","5","5","9","11","7","15","12","11","14","12","12","8","9","19","7","12","9","10","8","19","162",,"34.345681,134.053043"
"19","37201",,"香川県","高松市","10/1/2022","鶴屋町","269","133","136","2","3","2","7","0","1","0","4","3","3","7","6","8","2","12","6","12","6","8","10","10","10","12","6","8","10","11","10","15","16","12","9","6","7","5","20","177",,"34.346738,134.055123"
"20","37201",,"香川県","高松市","10/1/2022","本町","454","232","222","3","3","4","0","2","1","4","9","39","35","14","20","14","9","9","8","5","6","20","11","15","10","22","16","14","11","24","17","11","14","11","16","11","14","10","22","338",,"34.348509,134.054779"
"21","37201",,"香川県","高松市","10/1/2022","北浜町","379","180","199","4","3","5","2","4","4","5","9","2","2","10","4","12","9","14","11","5","11","16","12","16","15","15","16","21","17","16","20","10","21","8","9","11","9","6","25","238",,"34.350584,134.055577"
"22","37201",,"香川県","高松市","10/1/2022","朝日町１丁目","14","10","4","0","0","0","0","0","0","0","0","1","0","7","3","0","0","0","0","1","0","0","0","0","0","0","0","0","0","0","0","1","0","0","0","0","0","0","1","14",,"34.349551,134.062394"
"23","37201",,"香川県","高松市","10/1/2022","朝日町２丁目","320","173","147","1","2","4","4","1","7","12","5","30","5","18","3","8","3","14","5","12","7","11","8","6","8","9","11","5","5","9","7","8","12","9","18","9","15","7","22","204",,"34.349476,134.065023"
"24","37201",,"香川県","高松市","10/1/2022","朝日町３丁目","13","10","3","0","0","0","0","1","0","1","0","1","0","1","0","0","0","0","0","1","0","1","1","0","0","1","0","1","0","0","0","0","0","1","0","0","2","1","0","9",,"34.349433,134.067854"
"25","37201",,"香川県","高松市","10/1/2022","朝日町４丁目","0","0","0","0","0","0","0","0","0","0","0","0","0","0","0","0","0","0","0","0","0","0","0","0","0","0","0","0","0","0","0","0","0","0","0","0","0","0","0","-",,"34.355141,134.063999"
"26","37201",,"香川県","高松市","10/1/2022","朝日町５丁目","32","32","0","0","0","0","0","0","0","0","0","1","0","17","0","10","0","1","0","0","0","2","0","0","0","1","0","0","0","0","0","0","0","0","0","0","0","0","0","32",,"34.350713,134.074847"
"27","37201",,"香川県","高松市","10/1/2022","朝日町６丁目","0","0","0","0","0","0","0","0","0","0","0","0","0","0","0","0","0","0","0","0","0","0","0","0","0","0","0","0","0","0","0","0","0","0","0","0","0","0","0","-",,"34.358639,134.077278"
"28","37201",,"香川県","高松市","10/1/2022","東浜町１丁目","84","42","42","1","1","0","0","1","0","0","2","1","5","5","6","2","1","3","2","1","2","2","1","5","1","4","4","1","1","1","2","3","4","3","2","4","2","5","6","61",,"34.345672,134.057062"
"29","37201",,"香川県","高松市","10/1/2022","城東町１丁目","156","74","82","0","0","1","1","0","3","1","2","7","5","5","5","3","4","4","2","6","3","6","5","5","7","3","3","4","5","5","7","8","10","5","7","6","3","5","10","111",,"34.34741472,134.05595611"
"30","37201",,"香川県","高松市","10/1/2022","城東町２丁目","106","54","52","0","0","0","0","1","3","1","3","5","3","3","2","0","0","1","0","3","1","3","6","5","7","7","1","1","0","6","4","5","1","3","2","4","7","6","12","68",,"34.349670,134.058749"
"31","37201",,"香川県","高松市","10/1/2022","朝日新町","8","4","4","0","0","0","0","0","1","1","1","0","0","0","0","0","0","1","0","0","1","1","0","0","0","0","0","0","0","0","0","1","1","0","0","0","0","0","0","5",,"34.360121,134.067116"
"32","37201",,"香川県","高松市","10/1/2022","通町","73","28","45","0","0","0","1","1","1","0","1","1","0","5","2","2","0","0","2","0","2","4","3","2","2","1","2","2","4","1","1","2","4","3","4","3","4","1","12","41",,"34.345184,134.055567"
"33","37201",,"香川県","高松市","10/1/2022","井口町","201","105","96","5","0","4","2","3","3","1","1","13","6","10","4","6","4","6","4","7","9","8","5","15","11","5","5","4","4","5","2","4","9","3","10","2","8","4","9","136",,"34.345031,134.057334"
"34","37201",,"香川県","高松市","10/1/2022","末広町","378","178","200","6","4","4","3","11","8","5","6","7","5","5","7","7","5","10","12","15","22","19","17","10","13","14","15","15","11","10","15","9","18","16","9","4","9","11","21","211",,"34.344064,134.057235"
"35","37201",,"香川県","高松市","10/1/2022","福岡町１丁目","403","203","200","8","7","12","4","8","10","4","12","6","11","7","9","12","4","14","12","12","14","18","17","17","16","11","9","9","14","19","10","17","23","19","12","4","6","6","10","222",,"34.346039,134.061190"
"36","37201",,"香川県","高松市","10/1/2022","福岡町２丁目","1060","503","557","10","13","18","17","25","20","14","21","38","41","34","22","21","22","28","29","33","25","30","38","47","36","39","39","40","42","31","33","33","42","26","35","17","25","19","57","626",,"34.345368,134.066160"
"37","37201",,"香川県","高松市","10/1/2022","福岡町３丁目","906","449","457","10","15","14","9","8","18","13","14","23","19","27","25","26","18","25","23","28","22","20","31","45","32","36","27","26","31","28","29","43","47","32","33","26","21","19","43","539",,"34.344806,134.072319"
"38","37201",,"香川県","高松市","10/1/2022","福岡町４丁目","950","455","495","6","8","25","11","19","14","17","23","25","32","29","22","18","11","24","18","36","27","43","37","23","32","35","26","17","34","41","26","28","43","27","38","20","27","22","66","579",,"34.341421,134.070862"
"39","37201",,"香川県","高松市","10/1/2022","松福町１丁目","1014","496","518","34","26","26","25","18","13","17","20","18","24","20","16","26","32","35","42","36","32","38","33","30","39","39","28","23","30","25","26","36","30","27","35","18","27","30","40","548",,"34.343128,134.060694"
"40","37201",,"香川県","高松市","10/1/2022","松福町２丁目","793","419","374","4","6","9","19","19","10","15","14","32","15","22","16","23","11","20","20","25","17","42","36","37","37","35","28","23","16","29","21","35","30","15","20","12","22","22","36","483",,"34.34023306,134.06504944"
"41","37201",,"香川県","高松市","10/1/2022","松島町","126","51","75","1","1","3","1","1","1","3","3","0","1","1","2","0","1","3","4","1","1","7","3","5","7","2","2","3","3","5","11","6","10","2","8","7","6","1","10","72",,"34.333470,134.068614"
"42","37201",,"香川県","高松市","10/1/2022","松島町１丁目","609","305","304","14","13","14","20","16","9","13","7","10","10","15","19","27","18","20","17","19","27","28","19","13","12","17","25","26","25","18","12","14","24","16","13","13","13","12","21","321",,"34.339806,134.060189"
"43","37201",,"香川県","高松市","10/1/2022","松島町２丁目","926","435","491","20","14","17","13","26","21","23","17","30","30","14","30","30","28","24","20","29","30","37","38","33","40","25","34","26","26","21","24","29","33","23","30","12","20","16","43","509",,"34.338820,134.064936"
"44","37201",,"香川県","高松市","10/1/2022","松島町３丁目","1366","649","717","28","23","29","28","36","37","19","14","15","23","32","33","33","30","48","56","56","38","57","44","45","39","45","50","44","54","39","37","47","41","25","49","18","46","33","75","682",,"34.069518,134.069518"
"45","37201",,"香川県","高松市","10/1/2022","多賀町１丁目","223","102","121","0","5","1","2","2","1","2","0","2","4","2","3","5","6","12","8","5","6","5","4","6","5","6","10","9","8","12","13","13","11","4","7","10","8","6","20","129",,"34.336773,134.057996"
"46","37201",,"香川県","高松市","10/1/2022","多賀町２丁目","633","318","315","10","11","13","9","13","7","18","14","9","11","19","17","20","18","18","23","16","20","25","30","30","30","25","22","23","13","19","16","31","13","9","20","9","16","11","25","341",,"34.336662,134.060073"
"47","37201",,"香川県","高松市","10/1/2022","多賀町３丁目","753","359","394","5","8","15","6","13","12","19","22","14","14","23","17","9","17","26","22","16","18","26","26","34","23","24","26","26","32","29","31","32","25","19","32","12","15","17","48","423",,"34.336576,134.063243"
"48","37201",,"香川県","高松市","10/1/2022","花園町１丁目","599","275","324","8","10","7","13","8","6","13","13","13","15","15","8","16","12","11","19","15","15","21","20","25","16","28","19","21","21","15","20","19","24","14","24","12","22","14","47","355",,"34.334696,134.057838"
"49","37201",,"香川県","高松市","10/1/2022","花園町２丁目","318","144","174","2","2","3","8","6","7","14","13","9","8","7","3","4","0","7","5","15","8","6","10","14","16","9","7","6","7","10","14","12","16","6","19","11","9","3","22","177",,"34.333573,134.057331"
"50","37201",,"香川県","高松市","10/1/2022","花園町３丁目","516","233","283","1","6","6","7","12","17","15","14","19","11","16","5","12","7","10","15","18","21","22","19","21","20","14","21","15","15","16","20","8","19","10","21","8","15","10","30","282",,"34.332627,134.056915"
"51","37201",,"香川県","高松市","10/1/2022","観光通１丁目","209","105","104","4","6","3","5","4","2","0","0","4","7","7","5","7","5","12","6","10","6","7","10","6","7","10","8","8","8","5","9","9","3","4","4","2","3","3","10","128",,"34.336699,134.051633"
"52","37201",,"香川県","高松市","10/1/2022","観光通２丁目","113","60","53","0","0","1","0","3","2","1","2","5","4","6","7","4","2","1","4","3","1","7","6","3","1","8","4","5","5","2","3","3","2","5","2","1","5","2","3","83",,"34.33607972,134.05686194"
"53","37201",,"香川県","高松市","10/1/2022","田町","342","162","180","3","2","0","4","3","4","2","3","6","6","11","5","5","5","10","5","10","7","10","10","11","12","12","14","16","14","17","10","20","19","10","14","10","12","6","34","228",,"34.337159,134.048833"
"54","37201",,"香川県","高松市","10/1/2022","東田町","171","78","93","2","2","0","0","0","0","0","1","6","6","5","2","6","3","6","3","4","3","3","3","2","4","4","6","7","11","10","6","7","11","4","4","4","9","8","19","117",,"34.335767,134.049814"
"55","37201",,"香川県","高松市","10/1/2022","藤塚町","28","10","18","0","0","0","0","1","2","0","0","0","0","0","0","0","0","0","1","0","1","0","0","2","2","0","0","1","2","0","1","3","3","2","3","1","0","0","3","16",,"34.335085,134.050291"
"56","37201",,"香川県","高松市","10/1/2022","藤塚町１丁目","786","363","423","8","4","12","11","14","6","12","11","14","21","10","17","16","16","15","21","25","24","27","31","42","29","26","39","24","28","24","30","43","48","28","31","11","23","12","33","493",,"34.333899,134.048021"
"57","37201",,"香川県","高松市","10/1/2022","藤塚町２丁目","947","438","509","11","10","15","16","24","26","19","26","22","24","22","15","17","16","16","23","22","31","45","40","38","39","26","27","42","28","32","24","30","46","22","49","28","30","7","39","587",,"34.333809,134.050570"
"58","37201",,"香川県","高松市","10/1/2022","藤塚町３丁目","509","257","252","5","1","6","9","4","6","7","4","18","13","25","17","14","11","16","7","14","12","19","10","17","24","20","15","13","17","19","13","22","22","10","22","11","17","17","32","316",,"34.334006,134.053063"
"59","37201",,"香川県","高松市","10/1/2022","栗林町１丁目","1112","521","591","12","15","21","22","21","21","44","26","31","45","22","19","21","15","19","24","28","32","36","54","58","72","48","46","50","31","31","29","34","41","21","38","11","23","13","38","569",,"34.329256,134.046228"
"60","37201",,"香川県","高松市","10/1/2022","栗林町２丁目","1254","572","682","20","18","32","30","34","23","25","36","28","29","21","31","16","15","30","48","52","47","47","56","49","60","38","40","44","49","35","34","42","57","27","27","17","24","15","58","652",,"34.330885,134.049506"
"61","37201",,"香川県","高松市","10/1/2022","栗林町３丁目","634","299","335","6","7","17","13","16","10","20","16","11","14","20","10","4","8","19","15","22","21","22","26","26","25","20","22","14","25","25","24","23","29","9","20","13","21","12","29","315",,"34.32881028,134.04804333"
"62","37201",,"香川県","高松市","10/1/2022","桜町１丁目","2050","966","1084","34","38","72","73","62","55","64","66","53","48","27","41","27","41","51","61","71","73","94","106","97","100","59","81","66","64","56","53","64","63","30","49","16","31","23","41","894",,"34.330565,134.052794"
"63","37201",,"香川県","高松市","10/1/2022","桜町２丁目","1457","677","780","19","23","54","53","62","61","45","62","43","33","15","16","25","24","41","51","50","59","63","82","59","73","45","71","47","47","42","27","22","39","21","18","13","17","11","24","565",,"34.326819,134.053219"
"64","37201",,"香川県","高松市","10/1/2022","楠上町１丁目","1245","597","648","23","42","49","49","49","29","20","24","20","18","23","29","36","32","37","48","51","46","51","49","46","46","35","36","36","58","40","31","31","30","20","22","10","22","20","37","539",,"34.331241,134.057056"
"65","37201",,"香川県","高松市","10/1/2022","楠上町２丁目","1091","536","555","18","15","37","39","51","52","36","50","32","26","23","16","21","12","19","27","49","62","71","72","69","63","36","30","31","31","16","17","12","16","6","6","4","9","5","12","440",,"34.329389,134.056040"
"66","37201",,"香川県","高松市","10/1/2022","花ノ宮町１丁目","660","321","339","10","11","11","15","20","9","13","20","16","15","11","12","23","20","25","16","22","19","24","30","32","30","31","24","22","23","17","22","11","22","11","13","7","14","15","24","342",,"34.326569,134.048473"
"67","37201",,"香川県","高松市","10/1/2022","花ノ宮町２丁目","844","415","429","9","22","21","19","24","17","17","27","22","16","30","25","33","25","36","22","21","29","36","33","35","35","27","21","19","29","24","20","26","26","14","27","12","17","9","19","416",,"34.324017,134.048590"
"68","37201",,"香川県","高松市","10/1/2022","花ノ宮町３丁目","401","184","217","8","7","6","12","8","12","9","9","6","14","8","8","7","10","15","9","11","16","16","18","14","22","17","11","12","10","16","14","11","13","8","7","5","11","7","14","193",,"34.324465,134.046077"
"69","37201",,"香川県","高松市","10/1/2022","上之町１丁目","713","327","386","9","10","15","15","14","13","15","11","17","23","17","18","9","11","11","19","17","28","30","33","37","33","36","44","23","31","30","20","24","21","8","11","4","15","11","30","337",,"34.321010,134.045014"
"70","37201",,"香川県","高松市","10/1/2022","上之町２丁目","847","397","450","8","10","16","13","18","25","17","26","27","26","25","20","24","26","23","22","26","30","29","25","28","31","25","25","18","29","19","27","38","37","24","32","18","13","14","33","459",,"34.320445,134.048077"
"71","37201",,"香川県","高松市","10/1/2022","上之町３丁目","847","428","419","10","14","16","24","22","24","25","23","22","12","26","20","20","19","34","24","35","30","41","48","42","46","28","26","24","20","18","28","26","20","14","11","11","12","14","18","414",,"34.322929,134.051347"
"72","37201",,"香川県","高松市","10/1/2022","旅篭町","33","18","15","1","0","0","0","0","0","0","1","1","3","2","1","2","0","3","1","2","0","2","1","1","1","1","2","0","0","1","1","1","3","0","0","1","1","0","0","24",,"34.335559,134.047528"
"73","37201",,"香川県","高松市","10/1/2022","中新町","365","172","193","2","3","5","3","8","9","9","9","10","7","6","6","10","12","5","9","10","8","16","10","8","22","14","17","23","18","11","13","13","16","4","9","5","7","13","15","210",,"34.337041,134.047660"
"74","37201",,"香川県","高松市","10/1/2022","天神前","715","326","389","20","22","27","28","14","14","10","16","10","12","11","11","18","16","26","25","22","28","37","51","27","28","16","23","29","19","16","16","18","26","11","18","6","11","8","25","345",,"34.338991,134.045795"
"75","37201",,"香川県","高松市","10/1/2022","中央町","1287","634","653","16","14","23","18","30","33","39","21","44","42","57","54","27","24","26","30","37","38","60","56","51","52","54","50","43","45","24","34","42","43","24","28","18","24","19","47","716",,"34.336395,134.045082"
"76","37201",,"香川県","高松市","10/1/2022","中野町","1269","618","651","13","11","28","19","33","14","21","19","44","44","38","22","18","17","28","27","38","41","43","66","60","45","34","47","40","42","46","44","51","46","26","32","24","34","33","81","738",,"34.333850,134.044116"
"77","37201",,"香川県","高松市","10/1/2022","亀岡町","498","243","255","13","4","11","4","9","9","12","15","15","7","12","14","13","11","14","10","17","13","18","16","10","15","17","16","17","17","13","11","10","23","13","16","7","25","22","29","277",,"34.337080,134.041227"
"78","37201",,"香川県","高松市","10/1/2022","番町１丁目","242","107","135","3","4","9","6","4","6","3","4","2","2","5","8","4","3","6","7","5","5","11","15","7","7","5","6","6","12","9","10","8","10","5","16","6","6","9","8","119",,"34.343092,134.046553"
"79","37201",,"香川県","高松市","10/1/2022","番町２丁目","345","163","182","5","2","4","7","4","3","8","6","8","10","9","8","7","7","11","4","11","8","8","12","10","11","13","13","18","13","13","12","11","17","7","6","3","13","13","30","199",,"34.34355083,134.04488778"
"80","37201",,"香川県","高松市","10/1/2022","番町３丁目","585","277","308","6","10","12","12","15","21","21","18","18","11","9","7","7","7","8","11","17","22","28","25","17","20","24","21","23","23","14","15","17","24","20","16","13","14","8","31","275",,"34.342400,134.041726"
"81","37201",,"香川県","高松市","10/1/2022","番町４丁目","527","263","264","10","6","12","12","22","8","8","11","16","17","16","13","13","7","13","11","22","27","20","18","20","20","20","15","14","12","15","22","16","16","11","13","7","10","8","26","272",,"34.340780,134.041285"
"82","37201",,"香川県","高松市","10/1/2022","番町５丁目","500","234","266","5","7","13","16","18","14","15","17","10","14","7","5","4","12","12","10","12","11","22","24","26","32","20","18","14","19","16","13","17","17","11","15","8","10","4","12","225",,"34.339285,134.040978"
"83","37201",,"香川県","高松市","10/1/2022","紫雲町","203","101","102","7","4","7","6","2","4","7","6","9","9","2","4","7","4","3","5","8","10","7","8","4","6","4","2","7","8","6","5","8","6","4","6","3","2","6","7","119",,"34.341121,134.033606"
"84","37201",,"香川県","高松市","10/1/2022","新北町","1429","724","705","20","18","19","13","32","22","35","39","27","40","39","35","34","34","44","34","62","39","56","48","68","59","59","42","46","34","33","40","62","63","34","52","30","40","24","53","820",,"34.352815,134.025363"
"85","37201",,"香川県","高松市","10/1/2022","宮脇町１丁目","1777","835","942","24","31","41","27","43","27","51","37","65","48","37","38","26","40","39","55","48","55","60","66","57","67","60","68","63","53","55","51","54","73","46","67","31","43","35","96","923",,"34.33958444,134.03529167"
"86","37201",,"香川県","高松市","10/1/2022","宮脇町２丁目","1995","965","1030","27","16","35","27","41","44","49","46","63","45","47","35","38","37","50","35","58","54","68","64","55","76","70","47","67","70","57","62","81","98","67","88","35","60","57","126","1145",,"34.333101,134.035803"
"87","37201",,"香川県","高松市","10/1/2022","西宝町１丁目","1138","516","622","13","13","10","16","21","24","25","37","40","34","29","29","22","22","29","24","18","30","47","43","52","48","35","47","32","41","38","41","43","44","17","41","27","40","18","48","637",,"34.343417,134.028386"
"88","37201",,"香川県","高松市","10/1/2022","西宝町２丁目","937","471","466","10","12","11","16","25","16","20","22","32","22","21","13","27","18","24","19","34","24","40","36","40","32","50","34","36","37","33","30","29","37","16","31","13","26","10","41","537",,"34.338427,134.026970"
"89","37201",,"香川県","高松市","10/1/2022","西宝町３丁目","375","192","183","3","7","6","9","10","3","8","9","10","8","10","5","11","6","10","10","12","10","12","13","16","16","13","12","13","17","18","14","18","10","6","13","8","8","8","13","195",,"34.344151,134.023055"
"90","37201",,"香川県","高松市","10/1/2022","茜町","1604","803","801","35","20","25","18","34","25","47","37","45","31","53","45","40","39","42","52","52","46","45","69","64","65","68","68","57","62","55","63","55","61","40","43","27","30","19","27","843",,"34.349525,134.025150"
"91","37201",,"香川県","高松市","10/1/2022","西町","1004","481","523","11","12","18","27","24","19","27","23","33","33","20","28","24","20","30","31","27","37","47","47","50","47","29","33","28","23","24","35","40","38","28","33","10","18","11","19","512",,"34.346330,134.024326"
"92","37201",,"香川県","高松市","10/1/2022","瀬戸内町","944","477","467","7","5","10","12","14","11","17","17","30","18","21","14","19","12","20","12","29","18","29","29","28","28","35","20","35","37","47","45","52","62","38","47","23","30","23","50","567",,"34.34758361,134.03246917"
"93","37201",,"香川県","高松市","10/1/2022","扇町１丁目","1282","628","654","6","10","14","22","23","20","21","22","37","30","28","20","19","18","30","25","41","31","43","38","36","41","39","28","41","40","60","62","67","69","57","52","31","57","35","69","742",,"34.346558,134.036476"
"94","37201",,"香川県","高松市","10/1/2022","扇町２丁目","488","222","266","4","5","4","4","10","7","14","15","19","33","19","16","12","19","14","8","5","11","13","14","18","14","13","12","15","15","14","21","21","23","15","8","4","17","8","24","303",,"34.34451944,134.03656833"
"95","37201",,"香川県","高松市","10/1/2022","扇町３丁目","456","214","242","0","3","1","1","2","7","4","7","12","11","8","10","16","9","7","9","12","5","12","12","17","22","18","13","17","20","20","9","23","31","18","24","14","21","13","28","305",,"34.345819,134.031498"
"96","37201",,"香川県","高松市","10/1/2022","昭和町１丁目","1092","502","590","13","23","44","35","32","43","25","40","24","36","22","26","31","21","35","42","37","35","39","45","40","59","43","42","46","38","25","24","22","16","5","16","8","19","11","30","504",,"34.343234,134.033872"
"97","37201",,"香川県","高松市","10/1/2022","昭和町２丁目","612","277","335","16","21","22","26","16","18","9","6","15","10","8","8","14","17","23","32","40","37","18","27","20","20","18","16","11","17","11","19","15","21","11","12","4","10","6","18","295",,"34.343324,134.031092"
"98","37201",,"香川県","高松市","10/1/2022","サンポート","0","0","0","0","0","0","0","0","0","0","0","0","0","0","0","0","0","0","0","0","0","0","0","0","0","0","0","0","0","0","0","0","0","0","0","0","0","0","0","-",,"34.353730,134.046918"
"99","37201",,"香川県","高松市","10/1/2022","幸町","14","0","14","0","0","0","0","0","0","0","5","0","9","0","0","0","0","0","0","0","0","0","0","0","0","0","0","0","0","0","0","0","0","0","0","0","0","0","0","14",,"34.341525,134.036836"
"100","37201",,"香川県","高松市","10/1/2022","錦町１丁目","1742","832","910","20","27","33","50","48","58","49","35","40","34","40","23","31","37","59","47","57","77","88","96","79","83","76","77","53","55","49","54","37","43","40","41","16","22","17","51","870",,"34.347405,134.044821"
"101","37201",,"香川県","高松市","10/1/2022","錦町２丁目","1154","573","581","14","12","15","18","32","23","25","19","34","33","28","17","40","21","24","23","26","35","43","42","60","55","42","39","40","36","35","43","44","53","24","34","20","35","27","43","614",,"34.347162,134.041733"
"102","37201",,"香川県","高松市","10/1/2022","浜ノ町","4210","1971","2239","54","52","85","74","70","72","97","82","75","55","53","61","79","82","103","111","97","110","155","153","149","193","150","176","160","173","173","149","174","209","118","173","95","128","84","186","2211",,"34.351222,134.040597"
"103","37201",,"香川県","高松市","10/1/2022","玉藻町","23","9","14","1","0","0","0","0","1","1","1","0","0","1","2","2","1","1","1","1","1","0","1","0","1","1","1","0","0","1","1","0","0","0","1","0","1","0","1","15",,"34.350113,134.052514"
"104","37201",,"香川県","高松市","10/1/2022","丸の内","523","241","282","8","4","3","3","4","3","7","6","10","4","18","9","12","10","15","13","13","12","17","19","22","28","21","25","17","21","20","27","18","26","12","15","10","25","14","32","321",,"34.347668,134.051565"
"105","37201",,"香川県","高松市","10/1/2022","内町","129","67","62","1","0","2","2","0","1","1","2","2","0","1","1","5","3","2","3","6","4","7","3","5","2","6","4","3","4","6","6","11","10","4","5","2","6","3","6","91",,"34.346491,134.051892"
"106","37201",,"香川県","高松市","10/1/2022","寿町１丁目","93","45","48","3","3","3","1","2","4","1","0","0","4","1","4","3","2","5","3","5","7","4","5","5","2","4","4","1","2","3","3","3","2","1","1","1","0","0","1","44",,"34.349920,134.048873"
"107","37201",,"香川県","高松市","10/1/2022","寿町２丁目","11","8","3","0","0","0","0","0","0","0","0","2","0","0","0","0","0","0","0","1","0","0","1","1","0","2","0","0","0","0","0","0","0","0","0","2","2","0","0","10",,"34.347616,134.048446"
"108","37201",,"香川県","高松市","10/1/2022","西の丸町","144","89","55","1","0","1","0","2","3","4","2","11","5","7","1","1","2","4","2","1","2","7","5","13","3","6","5","4","3","4","2","9","2","4","6","1","8","9","4","100",,"34.349388,134.047371"
"109","37201",,"香川県","高松市","10/1/2022","西内町","247","120","127","1","2","4","1","2","1","1","3","10","2","14","4","8","12","6","3","4","8","6","7","7","3","8","14","8","6","9","9","6","14","12","10","5","14","9","14","157",,"34.347715,134.047040"
"110","37201",,"香川県","高松市","10/1/2022","兵庫町","225","106","119","4","0","4","1","3","5","1","1","5","3","3","0","8","6","4","8","3","7","9","8","10","12","6","4","7","7","9","12","7","13","13","13","5","7","5","12","131",,"34.346390,134.048060"
"111","37201",,"香川県","高松市","10/1/2022","古新町","290","136","154","11","9","3","4","1","7","10","3","9","11","8","4","11","9","7","10","13","8","12","8","12","9","5","15","11","14","4","5","8","9","6","5","1","5","4","19","167",,"34.345778,134.047879"
"112","37201",,"香川県","高松市","10/1/2022","磨屋町","115","60","55","2","0","3","0","2","2","0","3","5","3","8","4","3","3","6","4","5","2","6","6","6","4","1","4","1","2","2","2","5","2","2","3","0","4","3","7","66",,"34.345221,134.047695"
"113","37201",,"香川県","高松市","10/1/2022","紺屋町","277","123","154","10","7","16","7","8","12","3","1","3","1","2","3","1","0","5","15","19","22","9","15","8","10","7","6","8","7","5","12","7","9","3","8","1","5","8","14","137",,"34.344749,134.047834"
"114","37201",,"香川県","高松市","10/1/2022","鍛冶屋町","72","38","34","1","0","2","2","1","0","2","0","0","0","3","1","3","3","3","3","4","1","2","1","1","1","1","1","1","4","3","0","4","5","4","1","0","2","3","9","48",,"34.342989,134.048753"
"115","37201",,"香川県","高松市","10/1/2022","丸亀町","313","142","171","6","2","2","3","5","5","3","5","4","3","4","6","9","3","3","2","5","12","15","11","11","14","10","12","10","16","11","17","19","16","14","16","8","9","3","19","181",,"34.343904,134.050055"
"116","37201",,"香川県","高松市","10/1/2022","南新町","84","36","48","0","1","0","0","1","1","0","2","0","1","1","1","2","1","1","0","1","0","3","2","3","4","3","7","2","3","2","3","6","6","2","5","4","3","5","8","48",,"34.340286,134.049336"
"117","37201",,"香川県","高松市","10/1/2022","亀井町","144","72","72","0","3","4","1","2","2","1","1","7","4","4","1","4","3","3","4","2","1","5","3","7","6","6","5","5","6","3","7","7","5","3","8","5","4","4","8","91",,"34.340240,134.048257"
"118","37201",,"香川県","高松市","10/1/2022","観光町","874","413","461","9","14","14","8","17","10","13","22","20","19","22","14","22","11","26","28","21","32","32","36","40","28","29","29","31","29","24","33","30","43","26","35","21","27","16","43","490",,"34.334899,134.063829"
"119","37201",,"香川県","高松市","10/1/2022","上福岡町","3383","1591","1792","62","54","63","64","69","59","64","56","74","76","101","100","116","107","110","134","105","94","128","126","116","125","96","104","86","99","94","84","102","126","71","108","68","95","66","181","1813",,"34.329947,134.064172"
"120","37201",,"香川県","高松市","10/1/2022","峰山町","148","65","83","2","3","5","6","1","4","2","5","0","6","0","3","1","0","1","2","5","5","5","7","9","9","5","4","3","2","3","6","12","10","5","4","3","2","3","5","67",,"34.330569,134.026914"
"121","37201",,"香川県","高松市","10/1/2022","室町","420","195","225","8","7","12","9","9","10","3","7","9","5","9","8","11","9","9","14","13","16","13","16","16","15","9","10","10","16","15","15","17","14","10","13","11","17","11","24","230",,"34.325735,134.042589"
"122","37201",,"香川県","高松市","10/1/2022","室新町","1228","583","645","20","15","40","47","48","51","38","32","26","34","20","10","19","11","22","47","48","53","70","75","60","47","29","47","39","34","31","37","26","37","19","19","15","19","13","30","526",,"34.326377,134.035941"
"123","37201",,"香川県","高松市","10/1/2022","東ハゼ町","646","319","327","6","4","2","4","1","2","8","8","32","13","26","26","22","12","12","9","21","17","24","14","26","21","19","17","22","20","12","25","31","32","19","40","17","24","19","39","444",,"34.320628,134.041020"
"124","37201",,"香川県","高松市","10/1/2022","西ハゼ町","673","333","340","8","10","5","2","5","1","6","4","19","14","24","12","16","20","25","22","17","21","30","12","28","21","11","20","21","30","31","25","32","31","23","36","15","17","17","42","428",,"34.320541,134.034917"
"125","37201",,"香川県","高松市","10/1/2022","紙町","876","435","441","7","5","3","10","6","1","4","10","19","24","30","27","37","16","28","20","27","19","34","16","33","29","34","29","37","28","31","30","38","34","23","51","25","33","19","59","624",,"34.316971,134.034923"
"126","37201",,"香川県","高松市","10/1/2022","松並町","730","340","390","5","3","4","3","4","4","7","12","23","15","17","22","22","12","15","13","15","13","23","22","25","25","19","24","27","21","21","28","36","33","33","52","20","37","24","51","448",,"34.317415,134.027099"
"127","37201",,"香川県","高松市","10/1/2022","西春日町","1380","637","743","14","12","13","11","12","13","23","16","27","21","20","27","25","25","24","17","27","24","40","37","46","40","52","60","51","53","45","50","79","95","56","89","45","68","38","85","834",,"34.321245,134.022858"
"128","37201",,"香川県","高松市","10/1/2022","勅使町","1657","857","800","25","23","14","23","21","15","76","19","43","43","61","58","57","37","53","45","50","40","70","49","65","53","48","53","47","40","56","46","68","74","37","56","34","49","32","77","981",,"34.308378,134.017303"
"129","37201",,"香川県","高松市","10/1/2022","田村町","2149","1117","1032","29","32","20","33","35","25","32","27","75","44","77","47","58","46","68","52","68","32","83","62","84","62","67","67","76","74","87","72","106","119","70","90","50","81","32","67","1447",,"34.31382333,134.03022889"
"130","37201",,"香川県","高松市","10/1/2022","上天神町","1412","735","677","17","25","6","9","12","7","10","14","62","45","88","72","73","58","63","38","54","29","72","46","55","38","39","42","44","33","37","34","37","72","36","40","16","34","14","41","1022",,"34.311973,134.038778"
"131","37201",,"香川県","高松市","10/1/2022","三条町","4724","2290","2434","93","88","135","112","126","116","107","134","118","119","133","118","131","114","151","163","155","168","196","225","236","209","147","168","118","118","97","102","141","146","71","96","64","97","71","141","2274",,"34.315192,134.046494"
"132","37201",,"香川県","高松市","10/1/2022","今里町","1279","614","665","38","29","26","30","24","29","28","45","30","29","43","35","44","45","51","58","63","56","55","68","52","49","45","44","33","29","21","32","26","26","17","22","10","14","8","25","611",,"34.322764,134.057085"
"133","37201",,"香川県","高松市","10/1/2022","今里町１丁目","1323","645","678","32","18","37","42","35","30","43","32","25","26","33","28","18","23","42","41","55","51","57","71","45","36","37","38","34","48","38","42","44","55","31","35","20","28","19","34","621",,"34.326087,134.057483"
"134","37201",,"香川県","高松市","10/1/2022","今里町２丁目","928","464","464","21","11","12","19","15","21","27","19","27","28","18","19","28","18","24","22","36","46","36","52","47","32","32","27","26","22","27","18","29","37","29","28","20","20","10","25","454",,"34.324704,134.062581"
"135","37201",,"香川県","高松市","10/1/2022","松縄町","5837","2806","3031","137","131","196","167","178","184","166","157","141","137","113","118","163","170","203","197","236","271","265","310","251","235","174","174","119","122","111","131","134","184","101","105","65","106","53","132","2621",,"34.31384917,134.06404833"
"136","37201",,"香川県","高松市","10/1/2022","伏石町","8429","4063","4366","192","214","242","236","237","236","227","235","216","191","172","185","224","229","281","314","308","310","377","359","364","364","282","289","217","231","182","186","180","208","125","172","104","147","133","260","3770",,"34.30998,134.05251889"
"137","37201",,"香川県","高松市","10/1/2022","太田下町","8197","3973","4224","239","187","255","236","254","270","242","266","225","201","222","225","240","248","281","324","302","343","373","363","329","324","230","252","184","172","148","159","172","219","120","142","73","115","84","178","3566",,"34.307413,134.047401"
"138","37201",,"香川県","高松市","10/1/2022","太田上町","7197","3353","3844","172","171","144","163","151","170","164","140","187","201","182","179","229","231","211","239","232","244","247","312","286","286","215","236","200","240","186","194","234","248","133","193","88","143","92","254","3421",,"34.30185833,134.04128111"
"139","37201",,"香川県","高松市","10/1/2022","木太町","31759","15254","16505","684","660","741","698","781","752","782","817","840","849","823","834","904","939","964","990","1067","1071","1361","1440","1250","1255","970","1005","882","912","761","855","953","1083","649","814","439","658","403","873","15025",,"34.32624528,134.07670778"
"140","37201",,"香川県","高松市","10/1/2022","春日町","4790","2400","2390","124","124","143","122","138","119","124","112","139","120","145","166","170","159","193","172","184","179","203","190","177","149","95","110","94","97","102","102","135","147","93","111","74","98","67","113","2210",,"34.32697333,134.09171194"
"141","37201",,"香川県","高松市","10/1/2022","新田町","5195","2560","2635","138","114","191","170","150","144","161","139","114","119","89","98","124","140","172","174","215","217","242","218","206","171","92","99","107","110","106","119","165","192","128","159","84","114","76","138","2184",,"34.321192,134.105192"
"142","37201",,"香川県","高松市","10/1/2022","高松町","11817","5499","6318","186","216","207","203","247","231","267","261","256","280","253","250","259","256","294","269","298","363","411","444","424","455","336","383","368","397","363","435","461","589","387","458","263","327","219","501","5720",,"34.33566417,134.10751306"
"143","37201",,"香川県","高松市","10/1/2022","屋島東町","3140","1497","1643","33","28","40","44","54","55","77","77","65","69","47","46","56","62","74","67","88","71","99","107","109","124","116","114","101","99","98","149","184","177","100","123","84","86","72","145","1484",,"34.35496778,134.11591722"
"144","37201",,"香川県","高松市","10/1/2022","屋島中町","1783","853","930","25","20","28","26","43","32","58","42","58","52","39","33","39","41","41","44","42","51","64","69","72","84","66","58","62","71","60","61","61","70","41","62","31","44","23","70","875",,"34.34371056,134.10129944"
"145","37201",,"香川県","高松市","10/1/2022","屋島西町","13990","6707","7283","209","198","242","222","287","261","304","356","404","336","343","317","310","314","377","338","403","398","503","568","588","595","524","583","488","537","468","523","525","536","296","429","245","312","191","460","7166",,"34.35227583,134.08916139"
"146","37201",,"香川県","高松市","10/1/2022","前田西町","1265","617","648","18","17","14","28","25","16","24","26","38","24","23","23","30","28","31","31","48","42","49","45","41","36","34","42","43","34","37","47","55","66","47","54","38","29","22","60","609",,"34.304903,134.112944"
"147","37201",,"香川県","高松市","10/1/2022","前田東町","1889","938","951","29","18","38","33","51","33","31","43","67","50","44","41","45","41","60","58","49","52","72","61","61","65","66","53","55","36","52","70","71","73","62","76","37","65","48","83","969",,"34.29657167,134.11258333"
"148","37201",,"香川県","高松市","10/1/2022","亀田町","1004","461","543","10","13","11","16","20","21","21","31","20","14","17","12","19","20","20","22","16","22","36","31","33","38","23","30","36","39","30","31","48","41","29","48","35","52","37","62","507",,"34.285716,134.113423"
"149","37201",,"香川県","高松市","10/1/2022","元山町","4986","2343","2643","142","153","97","127","74","95","79","85","118","127","204","239","212","193","194","176","159","131","169","166","138","151","114","133","89","114","115","130","163","212","131","139","78","115","67","157","2527",,"34.30697278,134.08946833"
"150","37201",,"香川県","高松市","10/1/2022","東山崎町","3902","1835","2067","59","61","61","56","70","68","65","74","117","116","98","91","92","101","99","116","103","96","145","130","136","146","113","113","110","92","99","111","149","211","133","144","107","141","79","200","2138",,"34.307488,134.096062"
"151","37201",,"香川県","高松市","10/1/2022","下田井町","1754","826","928","48","53","51","46","45","51","37","36","38","59","41","64","48","54","73","63","59","59","70","54","46","52","33","43","32","46","46","47","53","52","35","50","34","44","37","55","801",,"34.294003,134.093620"
"152","37201",,"香川県","高松市","10/1/2022","林町","8432","4241","4191","254","264","254","221","273","237","222","211","234","210","305","275","311","286","346","337","368","347","383","341","306","314","208","186","151","182","149","159","177","192","130","143","98","128","72","158","3884",,"34.30154806,134.07483389"
"153","37201",,"香川県","高松市","10/1/2022","六条町","3331","1626","1705","127","121","106","102","84","88","48","62","72","76","117","121","126","146","158","138","148","129","133","106","93","99","62","53","50","62","65","77","90","104","62","72","49","67","36","82","1467",,"34.298060,134.084288"
"154","37201",,"香川県","高松市","10/1/2022","上林町","3339","1654","1685","143","138","141","143","132","131","94","72","69","56","100","119","144","147","146","180","189","172","163","149","95","78","40","40","40","46","37","44","51","73","39","29","16","24","15","44","1325",,"34.289511,134.068008"
"155","37201",,"香川県","高松市","10/1/2022","三谷町","5666","2871","2795","186","164","223","201","251","172","156","130","100","81","135","119","182","167","227","216","260","277","254","236","164","130","97","121","117","108","104","114","149","163","92","136","90","110","84","150","2297",,"34.27771639,134.06947833"
"156","37201",,"香川県","高松市","10/1/2022","多肥下町","4675","2237","2438","119","124","116","114","129","118","133","137","141","130","97","109","115","142","135","161","176","180","206","234","214","232","170","177","117","101","96","121","106","110","73","77","44","60","50","111","2087",,"34.300681,134.056325"
"157","37201",,"香川県","高松市","10/1/2022","多肥上町","9448","4604","4844","322","293","344","348","345","317","304","253","205","185","198","237","303","330","384","388","367","387","417","446","325","303","168","173","169","171","155","196","202","252","168","194","121","157","107","214","3710",,"34.29044611,134.05146667"
"158","37201",,"香川県","高松市","10/1/2022","出作町","1663","791","872","50","51","63","70","53","41","35","43","28","27","17","29","43","37","89","90","69","67","58","63","53","43","29","41","40","45","32","50","47","50","37","29","18","42","30","54","684",,"34.286244,134.048392"
"159","37201",,"香川県","高松市","10/1/2022","仏生山町","8461","4033","4428","196","174","213","180","188","196","176","167","178","177","203","216","243","251","288","278","297","326","303","327","255","244","225","254","225","223","235","252","273","311","205","250","152","225","178","377","4060",,"34.27850556,134.04784528"
"160","37201",,"香川県","高松市","10/1/2022","三名町","1090","501","589","21","26","17","22","13","20","16","23","34","30","28","40","37","44","36","36","24","33","38","38","41","40","26","34","30","33","38","33","34","42","31","31","16","31","21","33","558",,"34.290409,134.035807"
"161","37201",,"香川県","高松市","10/1/2022","鹿角町","1783","860","923","26","24","35","16","24","35","23","41","51","47","51","51","50","47","51","37","47","50","55","58","65","67","54","55","45","66","72","53","65","85","51","59","51","59","44","73","897",,"34.300006,134.032315"
"162","37201",,"香川県","高松市","10/1/2022","成合町","2947","1400","1547","41","57","54","35","56","58","54","65","61","63","65","68","62","74","76","59","87","76","105","112","111","109","99","99","82","95","103","103","125","153","80","108","73","98","66","115","1450",,"34.299723,134.016132"
"163","37201",,"香川県","高松市","10/1/2022","一宮町","5075","2392","2683","75","95","127","112","121","123","128","121","117","117","110","123","135","117","154","137","141","160","210","219","147","173","125","131","126","138","135","149","171","237","152","170","108","147","110","214","2390",,"34.29067333,134.02893556"
"164","37201",,"香川県","高松市","10/1/2022","寺井町","4074","1865","2209","59","63","71","82","81","94","92","89","103","97","88","98","87","95","99","116","100","104","165","163","130","163","131","131","90","130","142","137","163","227","112","149","88","130","64","141","2097",,"34.278270,134.028749"
"165","37201",,"香川県","高松市","10/1/2022","川部町","2836","1384","1452","46","40","86","72","98","78","67","85","45","62","58","60","61","53","91","88","91","87","109","103","88","91","74","71","90","98","88","89","122","122","63","79","56","73","51","101","1186",,"34.26941694,134.00998778"
"166","37201",,"香川県","高松市","10/1/2022","岡本町","1685","807","878","35","29","31","37","39","41","34","30","37","26","25","32","31","35","41","51","66","45","56","57","53","51","44","45","46","48","53","67","85","84","42","65","40","48","49","87","771",,"34.268456,133.996809"
"167","37201",,"香川県","高松市","10/1/2022","円座町","8219","3923","4296","162","176","203","213","207","218","210","241","223","202","191","162","182","229","262","245","271","302","356","373","309","303","227","221","192","231","207","219","247","305","194","219","139","182","141","255","3623",,"34.28543722,134.00547111"
"168","37201",,"香川県","高松市","10/1/2022","西山崎町","2686","1299","1387","66","72","99","79","67","81","69","78","81","59","59","68","71","75","88","95","100","100","119","116","87","87","69","77","62","62","53","70","87","94","50","66","34","44","38","64","1063",,"34.280509,133.994486"
"169","37201",,"香川県","高松市","10/1/2022","檀紙町","3804","1856","1948","104","114","103","115","90","86","83","86","94","79","94","93","112","102","126","153","129","145","181","135","127","118","82","93","96","89","89","91","122","126","90","118","71","90","63","115","1655",,"34.304232,134.001237"
"170","37201",,"香川県","高松市","10/1/2022","御厩町","2787","1376","1411","70","64","80","67","89","81","93","70","64","56","59","47","76","76","86","98","100","100","132","117","95","89","59","61","63","62","61","84","91","118","71","73","45","79","42","69","1132",,"34.30092139,133.99466861"
"171","37201",,"香川県","高松市","10/1/2022","中間町","1952","948","1004","52","58","81","73","67","81","54","44","40","26","33","46","47","59","95","83","84","74","80","93","63","54","44","32","31","42","45","49","47","61","38","44","19","31","28","54","755",,"34.291056,133.987947"
"172","37201",,"香川県","高松市","10/1/2022","郷東町","2627","1359","1268","51","24","36","29","40","38","55","35","115","73","133","87","99","66","72","56","80","74","102","83","101","94","79","79","62","76","85","69","83","130","63","110","59","66","44","79","1600",,"34.347931,134.015350"
"173","37201",,"香川県","高松市","10/1/2022","鶴市町","5023","2418","2605","95","91","101","109","121","120","153","128","161","161","119","142","133","147","142","171","173","148","228","215","210","214","141","147","137","152","137","138","137","177","93","125","71","109","66","111","2324",,"34.329246,134.005738"
"174","37201",,"香川県","高松市","10/1/2022","飯田町","2964","1478","1486","75","69","94","76","79","61","79","53","63","58","67","67","99","86","104","120","102","88","108","98","105","98","73","78","58","67","61","79","113","88","60","99","75","81","63","120","1336",,"34.318817,134.003780"
"175","37201",,"香川県","高松市","10/1/2022","鬼無町藤井","1262","636","626","35","22","26","28","41","37","29","30","33","28","32","26","36","27","42","40","47","46","54","44","51","47","33","32","29","31","34","31","45","53","24","35","22","29","23","40","573",,"34.32706,133.99330139"
"176","37201",,"香川県","高松市","10/1/2022","鬼無町是竹","971","473","498","18","13","17","15","24","22","26","15","17","31","29","16","12","21","32","27","33","27","44","36","37","44","26","28","26","29","27","31","36","43","31","39","22","21","16","40","458",,"34.339412,133.989882"
"177","37201",,"香川県","高松市","10/1/2022","鬼無町佐料","732","358","374","13","5","18","18","13","18","24","20","7","15","6","8","11","4","18","19","27","29","43","31","22","25","22","25","25","24","25","22","37","37","22","29","14","22","11","23","312",,"34.333680,133.988305"
"178","37201",,"香川県","高松市","10/1/2022","鬼無町佐藤","1039","514","525","16","20","35","27","21","24","34","34","29","20","22","14","26","24","33","33","35","25","39","46","42","40","24","21","26","30","34","39","34","33","24","28","26","20","14","47","448",,"34.327365,133.993302"
"179","37201",,"香川県","高松市","10/1/2022","鬼無町山口","401","203","198","3","2","7","7","11","6","9","6","8","6","8","5","7","3","10","8","10","10","19","14","14","21","19","14","5","11","19","15","19","23","20","16","9","16","6","15","179",,"34.323108,133.982819"
"180","37201",,"香川県","高松市","10/1/2022","鬼無町鬼無","1327","617","710","24","16","24","25","21","24","28","30","27","28","24","20","26","20","34","27","25","41","58","50","51","42","28","33","33","41","42","48","65","98","54","49","25","37","28","81","610",,"34.317337,133.988524"
"181","37201",,"香川県","高松市","10/1/2022","香西本町","2686","1283","1403","40","37","40","38","66","57","59","51","68","57","51","48","63","58","63","65","68","87","102","126","111","108","83","95","90","70","85","89","99","128","79","91","60","93","56","105","1337",,"34.34688556,133.99627528"
"182","37201",,"香川県","高松市","10/1/2022","香西東町","1769","872","897","26","27","30","13","26","22","24","27","43","41","44","47","58","42","54","39","48","45","54","54","64","84","63","69","77","52","57","75","87","93","47","55","46","58","24","54","955",,"34.341643,134.007066"
"183","37201",,"香川県","高松市","10/1/2022","香西南町","2801","1394","1407","61","62","74","68","84","59","66","78","78","71","72","73","95","77","89","81","96","92","134","115","110","107","66","71","59","80","81","96","81","83","68","69","43","54","37","71","1249",,"34.339104,134.000893"
"184","37201",,"香川県","高松市","10/1/2022","香西西町","935","466","469","17","10","21","12","25","15","23","14","29","23","20","25","28","19","20","18","18","21","27","34","29","31","29","30","27","21","25","29","43","47","31","54","26","26","28","40","438",,"34.346836,133.990088"
"185","37201",,"香川県","高松市","10/1/2022","香西北町","1918","955","963","32","30","40","30","48","56","55","44","45","46","70","44","39","31","58","58","65","63","78","77","72","65","63","56","56","45","48","63","57","67","49","61","43","71","37","56","905",,"34.355809,133.993476"
"186","37201",,"香川県","高松市","10/1/2022","神在川窪町","1119","557","562","14","9","16","20","31","17","21","22","23","32","22","16","16","15","26","18","35","32","51","41","29","30","41","31","35","37","34","42","64","63","44","41","24","38","31","58","528",,"34.362553,133.978749"
"187","37201",,"香川県","高松市","10/1/2022","植松町","495","242","253","11","8","9","7","11","7","11","9","17","10","13","3","16","15","10","17","11","11","14","15","13","21","12","15","21","19","19","19","19","25","9","19","13","9","13","24","257",,"34.350008,133.983191"
"188","37201",,"香川県","高松市","10/1/2022","中山町","1324","627","697","18","21","25","33","28","29","20","31","27","14","24","20","30","28","34","29","26","30","53","41","40","36","44","49","37","50","57","53","61","75","45","52","28","32","30","74","607",,"34.344795,133.967149"
"189","37201",,"香川県","高松市","10/1/2022","生島町","1220","569","651","17","21","27","19","19","30","32","29","22","24","13","14","18","20","27","31","37","37","48","49","37","34","29","32","31","46","37","50","69","77","50","46","25","36","31","56","545",,"34.359028,133.968806"
"190","37201",,"香川県","高松市","10/1/2022","亀水町","932","456","476","11","8","6","10","8","5","14","12","25","12","16","17","9","14","29","15","24","20","24","27","31","22","39","34","29","39","56","42","57","57","28","33","22","48","28","61","454",,"34.365762,133.946499"
"191","37201",,"香川県","高松市","10/1/2022","女木町","137","66","71","0","0","0","1","1","1","0","0","1","0","3","0","1","1","1","0","1","0","2","1","7","3","4","4","5","6","5","1","11","11","6","7","9","12","9","23","95",,"34.39210389,134.0517525"
"192","37201",,"香川県","高松市","10/1/2022","男木町","150","67","83","3","1","3","2","3","1","2","1","0","0","1","2","4","3","4","4","3","5","3","3","1","1","4","2","2","5","10","3","7","7","4","5","8","16","5","22","98",,"34.42212,134.05479"
"193","37201",,"香川県","高松市","10/1/2022","由良町","3500","1687","1813","49","55","66","58","74","61","71","63","77","97","85","75","92","91","91","91","103","100","153","122","130","163","125","121","113","115","103","130","142","138","85","113","76","104","52","116","1657",,"34.285778,134.085974"
"194","37201",,"香川県","高松市","10/1/2022","川島本町","1418","660","758","25","32","35","26","40","30","19","37","26","42","22","24","31","32","38","43","42","41","63","56","50","52","28","34","41","59","43","49","66","75","50","44","21","35","20","47","611",,"34.27649833,134.08546139"
"195","37201",,"香川県","高松市","10/1/2022","川島東町","4677","2239","2438","73","82","91","85","106","116","92","104","110","107","110","113","106","116","136","121","125","151","170","183","182","158","153","151","141","149","155","172","182","200","131","156","100","129","76","145","2105",,"34.269397,134.094320"
"196","37201",,"香川県","高松市","10/1/2022","小村町","1957","965","992","48","61","49","43","56","39","65","45","59","60","51","52","61","74","81","73","67","80","94","72","74","74","48","38","34","48","42","49","52","63","41","42","22","27","21","52","875",,"34.287608,134.100826"
"197","37201",,"香川県","高松市","10/1/2022","亀田南町","1652","790","862","18","16","23","20","30","37","39","29","51","52","35","39","39","35","29","29","35","45","76","69","61","72","51","55","45","55","54","65","79","91","53","62","41","41","31","50","773",,"34.279215,134.110655"
"198","37201",,"香川県","高松市","10/1/2022","十川西町","2892","1393","1499","59","59","67","69","104","84","118","112","85","80","53","52","66","69","81","90","115","119","153","171","131","125","61","86","68","63","53","70","80","88","42","55","35","47","22","60","1165",,"34.27361306,134.10510694"
"199","37201",,"香川県","高松市","10/1/2022","十川東町","2367","1172","1195","38","31","49","43","46","57","71","58","84","60","58","56","67","52","49","63","74","78","123","93","84","114","89","80","66","78","69","52","77","102","47","64","48","44","33","70","1067",,"34.260291,134.108001"
"200","37201",,"香川県","高松市","10/1/2022","池田町","814","407","407","5","4","14","12","12","9","16","16","11","7","17","13","14","9","12","15","27","20","27","33","30","15","26","33","34","28","36","35","52","50","30","32","20","25","24","51","378",,"34.259257,134.084161"
"201","37201",,"香川県","高松市","10/1/2022","東植田町","916","455","461","7","6","11","11","10","16","17","12","15","12","14","2","18","11","23","15","23","16","38","31","27","27","29","27","35","28","35","36","48","56","34","34","31","51","40","70","463",,"34.23821417,134.09904472"
"202","37201",,"香川県","高松市","10/1/2022","西植田町","1611","770","841","16","15","30","22","34","22","24","27","20","28","23","20","22","20","49","45","59","35","47","40","35","44","38","41","56","57","66","80","98","103","61","63","44","56","48","123","765",,"34.24028,134.07882694"
"203","37201",,"香川県","高松市","10/1/2022","菅沢町","61","34","27","0","0","0","0","0","0","0","0","0","0","0","2","1","0","3","1","0","0","1","0","1","2","6","1","4","3","3","1","3","2","5","2","2","3","5","10","33",,"34.195004,134.100679"
"204","37201",,"香川県","高松市","10/1/2022","塩江町上西甲","163","78","85","0","0","0","0","1","0","3","0","3","1","2","2","2","1","2","3","0","3","1","1","4","5","9","3","10","3","10","8","10","6","5","5","6","15","10","29","100",,"34.131543,134.079510"
"205","37201",,"香川県","高松市","10/1/2022","塩江町上西乙","136","58","78","0","1","1","1","1","0","2","0","2","5","1","3","3","2","2","0","0","2","4","3","9","7","3","2","3","6","7","6","5","10","6","6","4","8","5","16","90",,"34.15046528,134.07662167"
"206","37201",,"香川県","高松市","10/1/2022","塩江町安原上","311","151","160","0","0","0","0","2","4","4","6","3","6","3","1","4","0","7","4","4","3","8","4","12","12","12","6","17","17","21","20","12","11","13","11","7","21","22","34","159",,"34.183322,134.076337"
"207","37201",,"香川県","高松市","10/1/2022","塩江町安原上東","609","282","327","1","5","5","5","3","10","8","7","12","14","14","4","13","8","9","12","13","9","16","14","13","13","25","18","25","26","28","28","32","28","19","25","25","32","21","69","355",,"34.1697325,134.08280667"
"208","37201",,"香川県","高松市","10/1/2022","塩江町安原下","29","13","16","0","0","0","0","0","0","0","0","0","0","0","1","0","0","0","1","1","0","0","1","1","1","2","0","1","2","1","3","3","2","1","1","1","1","2","3","16",,"34.198271,134.083496"
"209","37201",,"香川県","高松市","10/1/2022","塩江町安原下第１号","430","203","227","5","3","10","6","10","10","13","13","9","7","2","1","8","10","7","2","6","8","18","13","19","21","7","10","12","10","16","17","21","20","13","18","6","19","21","39","205",,"34.197116,134.051628"
"210","37201",,"香川県","高松市","10/1/2022","塩江町安原下第２号","445","210","235","3","1","1","2","4","6","9","10","17","16","3","10","7","7","4","13","11","12","5","7","19","12","21","18","11","22","22","11","32","24","13","10","7","20","21","34","213",,"34.1963675,134.04155944"
"211","37201",,"香川県","高松市","10/1/2022","塩江町安原下第３号","162","87","75","0","2","4","2","4","1","5","5","9","1","2","2","2","1","1","3","7","1","4","5","4","6","2","8","9","2","5","7","10","3","6","5","6","11","7","10","79",,"34.199228,134.030943"
"212","37201",,"香川県","高松市","10/1/2022","香南町池内","823","422","401","7","11","11","10","15","14","28","14","38","13","18","13","14","16","24","21","19","15","24","26","35","23","19","20","23","42","42","28","48","52","25","29","19","19","13","35","379",,"34.250805,133.999862"
"213","37201",,"香川県","高松市","10/1/2022","香南町岡","691","331","360","8","6","12","10","16","16","16","18","9","6","8","6","11","12","17","21","16","17","25","23","20","14","15","16","26","28","33","41","33","43","26","21","20","24","20","38","289",,"34.224400,134.024178"
"214","37201",,"香川県","高松市","10/1/2022","香南町西庄","1561","792","769","17","7","11","14","41","23","36","37","46","29","36","21","41","18","31","29","44","39","61","57","78","68","44","38","57","58","72","66","71","91","52","63","32","48","22","63","732",,"34.237477,133.997769"
"215","37201",,"香川県","高松市","10/1/2022","香南町由佐","1861","916","945","36","27","43","45","50","44","48","46","44","45","40","31","37","41","57","41","44","60","84","86","63","56","49","44","34","43","66","60","88","94","64","66","44","51","25","65","819",,"34.24001194,134.01306889"
"216","37201",,"香川県","高松市","10/1/2022","香南町横井","1355","690","665","21","23","39","31","28","35","50","28","50","33","34","30","38","26","43","39","39","37","56","58","42","53","39","34","37","46","41","43","59","57","35","40","19","22","20","30","580",,"34.244891,134.009551"
"217","37201",,"香川県","高松市","10/1/2022","香南町吉光","736","372","364","7","9","10","13","11","14","20","9","27","16","10","6","11","10","24","19","24","19","23","16","25","32","24","23","34","29","23","28","44","30","26","32","15","24","14","35","329",,"34.253487,134.015848"
"218","37201",,"香川県","高松市","10/1/2022","香川町大野","7046","3431","3615","143","116","183","169","205","149","176","170","186","200","142","137","160","155","189","193","225","241","280","271","270","271","205","222","193","194","180","186","251","306","208","273","145","172","90","190","3130",,"34.26717583,134.02466444"
"219","37201",,"香川県","高松市","10/1/2022","香川町寺井","383","183","200","5","5","12","17","16","13","2","10","5","4","3","3","4","3","10","13","25","19","19","16","13","12","9","9","5","7","6","13","22","23","18","20","6","8","3","5","163",,"34.271898,134.030659"
"220","37201",,"香川県","高松市","10/1/2022","香川町浅野","8117","3935","4182","85","73","113","151","167","153","218","156","166","161","131","130","140","138","194","171","248","229","314","307","323","287","240","252","232","298","314","297","410","481","314","338","197","244","129","316","3782",,"34.25663833,134.03566639"
"221","37201",,"香川県","高松市","10/1/2022","香川町川内原","955","481","474","8","12","18","16","18","10","23","12","21","19","16","10","18","13","18","22","33","27","36","31","36","34","23","28","30","34","42","37","48","55","46","40","26","21","21","53","436",,"34.230353,134.049718"
"222","37201",,"香川県","高松市","10/1/2022","香川町川東上","3282","1599","1683","25","28","40","37","55","39","63","56","85","75","57","62","60","45","77","58","86","89","92","97","110","112","113","113","122","118","130","152","187","226","143","145","82","101","72","130","1553",,"34.241488,134.034423"
"223","37201",,"香川県","高松市","10/1/2022","香川町川東下","2296","1112","1184","35","27","58","49","67","55","68","69","57","57","41","38","42","46","63","66","92","87","91","99","94","97","52","54","59","52","60","70","90","96","64","88","45","52","34","82","972",,"34.245866,134.028361"
"224","37201",,"香川県","高松市","10/1/2022","香川町東谷","205","95","110","1","1","1","1","0","2","1","2","2","1","1","3","1","2","3","4","1","1","5","3","5","2","6","3","9","11","17","6","9","16","11","9","4","13","18","30","112",,"34.20461444,134.06167694"
"225","37201",,"香川県","高松市","10/1/2022","香川町安原下第３号","195","97","98","2","2","1","2","3","5","2","0","3","2","9","2","8","6","3","4","9","3","2","2","4","6","4","4","11","8","10","11","10","11","4","10","7","7","5","13","100",,"34.206865,134.022758"
"226","37201",,"香川県","高松市","10/1/2022","香川町安原下第１号","26","16","10","0","0","0","0","0","0","1","0","2","2","2","0","1","1","3","1","0","1","1","0","0","0","0","2","2","1","1","0","0","0","0","0","0","0","3","2","18",,"34.208358,134.043528"
"227","37201",,"香川県","高松市","10/1/2022","国分寺町新居","7433","3612","3821","139","142","157","173","153","161","201","161","171","175","199","158","191","189","209","207","236","255","316","315","283","277","248","240","199","203","198","233","270","309","198","223","134","166","110","234","3360",,"34.30537556,133.96234361"
"228","37201",,"香川県","高松市","10/1/2022","国分寺町国分","4946","2400","2546","84","85","131","105","147","129","133","149","114","99","118","114","111","130","142","154","180","154","224","215","182","194","147","138","128","120","119","160","165","193","108","153","99","107","68","147","2148",,"34.310351,133.945421"
"229","37201",,"香川県","高松市","10/1/2022","国分寺町福家","5418","2653","2765","94","83","108","110","148","109","152","137","160","149","112","122","114","120","146","158","165","165","246","235","231","218","159","189","150","146","156","167","210","230","153","175","77","107","72","145","2289",,"34.28412861,133.96106694"
"230","37201",,"香川県","高松市","10/1/2022","国分寺町新名","4756","2273","2483","97","91","113","123","103","122","121","125","100","94","91","128","109","130","165","139","160","155","192","195","171","175","132","149","136","137","136","175","191","207","136","147","81","100","39","91","2015",,"34.283614,133.956386"
"231","37201",,"香川県","高松市","10/1/2022","国分寺町柏原","2117","1013","1104","31","34","53","38","44","43","56","51","70","48","57","49","50","50","47","28","50","62","79","86","67","101","84","82","58","71","56","64","91","110","49","79","39","64","32","44","964",,"34.287748,133.948888"
"232","37201",,"香川県","高松市","10/1/2022","庵治町","4649","2240","2409","43","37","57","47","67","70","91","77","90","90","63","64","80","59","101","90","117","88","149","164","182","157","136","141","174","161","201","204","254","262","161","223","137","194","137","281","2180",,"34.3840175,134.12656556"
"233","37201",,"香川県","高松市","10/1/2022","牟礼町牟礼","10263","4911","5352","165","167","242","225","254","259","251","251","263","196","185","168","179","219","272","262","315","336","434","413","368","352","303","350","301","298","300","340","416","496","304","389","202","263","157","368","4595",,"34.33783,134.13929"
"234","37201",,"香川県","高松市","10/1/2022","牟礼町大町","4895","2377","2518","68","65","107","80","125","106","138","130","121","86","103","90","103","96","95","126","144","154","189","189","166","156","142","176","167","187","179","192","197","233","147","168","98","117","88","167","2224",,"34.33608722,134.142685"
"235","37201",,"香川県","高松市","10/1/2022","牟礼町原","1784","850","934","19","35","30","35","32","28","36","28","37","34","25","31","30","40","49","40","49","42","64","64","62","54","65","59","66","51","55","71","76","85","60","81","44","68","51","88","863",,"34.323483,134.153506"
