"№","名　　　　称",,"開設者","latitude","longitude","所在地","TEL","開設日","あん摩","はり","きゅう","柔整併設","出張業務"
"1","あい鍼灸整骨院","アイシンキュウセイコツイン","宮﨑　智史","34.301959","133.952008","香川県高松市国分寺町国分462","087-887-6650","2011/4/5","○","○","○","○",
"2","アオバ鍼灸治療院","アオバシンキュウチリョウイン","堀　尚民","34.344854","134.036550","香川県高松市扇町2丁目8-6","087-884-1960","2024/5/27",,"○","○",,
"3","愛染指圧整体所","アイゼンシアツセイタイショ","愛染　實夫","34.350924","133.988721","香川県高松市香西西町357","087-882-2918","1981/3/21","○","○","○",,
"4","愛染鍼灸指圧院","アイゼンシンキュウシアツイン","愛染　武宏","34.353101","133.992315","香川県高松市香西北町326-6","087-882-1203","2005/7/4","○","○","○","○",
"5","青空鍼灸整体院","アオゾラシンキュウセイタイイン","綾井　剛","34.312856","134.038075","香川県高松市上天神町559-7","087-867-7379","2005/12/11","○","○","○",,
"6","阿賀あん摩はりきゅう治療院","アガアンマハリキュウチリョウイン","阿賀　政勝","34.326813","134.047032","香川県高松市花ノ宮町一丁目11-31","087-831-3832","1964/3/21","○","○","○","○",
"7","アクア鍼灸院","アクアシンキュウイン","串田　吉央","34.309033","134.062292","香川県高松市伏石町2142-14","087-887-9335","2013/1/3",,"○","○",,
"8","明気通鍼灸院","アキツシンキュウイン","末沢　彰一","34.293783","133.964712","香川県高松市国分寺町福家甲3871-18","087-874-3409","1991/11/25","○","○","○","○",
"9","朝陽鍼灸接骨院","アサヒシンキュウセッコツイン","山口　圭介","34.299252","134.110936","香川県高松市前田西町17-1　ラフィネHIRO　1F","087-880-4080","2016/3/25",,"○","○","○",
"10","あさひ治療院","アサヒチリョウイン","林　正知","34.349943","134.002083","香川県高松市香西本町8-1　M-1ビル２F","087-808-8017","2020/5/1",,"○","○",,
"11","あずき鍼灸院","アズキシンキュウイン","藤澤　直人","34.338494","134.013800","香川県高松市鶴市町2044-2","090-9459-0818","2024/5/15",,"○","○",,
"12","阿部　欣之","アベ　ヨシユキ","阿部　欣之","34.327062","134.004702","香川県高松市鶴市町197-1","087-813-0782","2011/3/1","○","○","○",,"○"
"13","荒井治療院","アライチリョウイン","荒井　利治","34.318304","134.072725","香川県高松市木太町1362-8","087-868-4364","1991/12/1","○","○","○",,
"14","アムス治療院","アムスチリョウイン","木内　裕太","34.313421","134.109154","香川県高松市新田町乙23-16","090-5912-5269","2023/10/17",,"○","○",,
"15","荒岡　正貴","アラオカ　マサキ","荒岡　正貴","34.240118","134.002188","香川県高松市香南町西庄2107-6","080-3166-5327","2019/9/18",,"○","○",,"○"
"16","アラタ鍼灸院","アラタシンキュウイン","荒田　康照","34.197334","134.041804","香川県高松市塩江町安原下第２号1667-2","087-897-0110","1979/1/4",,"○","○",,
"17","ありす鍼灸院","アリスシンキュウイン","(株）アリスプラン","34.269259","134.109615","香川県高松市十川東町83-1","087-814-3966","2014/5/1",,"○","○","○",
"18","あん鍼灸院","アンシンキュウイン","近藤　光男","34.320459","134.072044","香川県高松市木太町1247-11","087-887-1466","2016/4/1",,"○","○",,
"19","あんま・鍼灸治療室　つきの木","アンマシンキュウチリョウシツ ツキノキ","大浦　淳","34.345817","134.049740","香川県高松市古新町1-4　WINDビル３階 301","087-823-1805","2013/10/7","○","○","○",,
"20","按摩仙人","アンマセンニン","網本　健一","34.296373","133.988686","香川県高松市中間町629","087-802-7242","2018/8/1","○","○","○",,
"21","あん摩マッサージ指圧鍼灸山口治療院","アンママッサージシアツシンキュウヤマグチチリョウイン","山口　ノブエ","34.345713","134.035722","香川県高松市扇町一丁目27-15","087-834-0609","1997/4/1","○","○","○",,
"22","あん摩マッサージ指圧はりきゅう山口治療院","アンママッサージシアツハリキュウヤマグチチリョウイン","山口　正憲","34.230903","134.083428","香川県高松市西植田町6825","087-849-0396","1999/4/14","○","○","○",,
"23","飯沼　秀樹","イイヌマ　ヒデキ","飯沼　秀樹","34.338132","134.078078","香川県高松市木太町2447-508","−−−−−","2014/5/1","○",,,,"○"
"24","いいむら整骨院","イイムラセイコツイン","飯村　篤","34.324272","134.062971","香川県高松市今里町二丁目14-3","087-804-6373","2022/9/1",,"○","○","○",
"25","石井　裕基","イシイ　ヒロキ","石井　裕基","34.341832","134.007672","香川県高松市香西東町338-1","087-881-5065","2015/12/1",,"○","○",,"○"
"26","いきいき鍼灸院","イキイキシンキュウイン","髙尾　阿弥","34.333683","134.050128","香川県高松市栗林町二丁目18-21","087-813-3081","2017/7/5",,"○","○","○",
"27","いきやま鍼灸院","イキヤマシンキュウイン","生山　悠一","34.330819","134.092844","香川県高松市春日町1085-8","087-887-2642","2011/5/17","○","○","○",,
"28","イグナル鍼灸院","イグンルシンキュウイン","関本　高成","34.301253","134.040119","香川県高松市太田上町998-9","087-813-9877","2013/4/2","○","○","○",,
"29","池田　真波","イケダ　マナミ","池田　真波",,,"香川県高松市","080-6396-1644","2020/7/26","○","○","○",,"○"
"30","池田　敏也","イケダ　トシヤ","池田　敏也","34.296438","134.049797","香川県高松市多肥上町1145-1","090-1162-4119","2022/5/19",,"○","○",,"○"
"31","伊澤　實","イザワ　ミノル","伊澤　實","34.341561","134.106722","香川県高松市屋島中町229-1屋島コーポＡ-2","090-2114-1103","2015/10/1","○",,,,"○"
"32","石川ペルニック鍼灸院","イシカワペルニックシンキュウイン","石川　安彦","34.319334","134.054846","香川県高松市伏石町2014-21","087-866-1565","1997/4/5",,"○","○","○",
"33","石本　正樹","イシモト　マサキ","石本　正樹","34.349662","133.997526","香川県高松市香西本町692","087-882-3016","2009/10/12","○",,,,"○"
"34","磯島　和典","イソジマ　カズノリ","磯島　和典","34.351521","134.039426","香川県高松市浜ノ町60-55-635","087-823-7754","1995/4/27",,"○","○",,"○"
"35","いっくぅ施術所","イックゥセジュツショ","一空株式会社","34.343673","134.044051","香川県高松市番町2-4-27番町スクエア3F","087-813-0119","2021/4/21","○","○","○","○",
"36","井上鍼灸院","イノウエシンキュウイン","井上　篤","34.340543","134.058068","香川県高松市塩上町三丁目3-5","087-862-1772","2001/7/3","○","○","○",,
"37","猪熊マッサージ治療院","イノクママッサージチリョウイン","猪熊　進","34.250646","134.032243","香川県高松市香川町浅野1225-85","087-879-4312","1992/9/18","○",,,,
"38","いのした鍼灸整骨院","イノシタシンキュウセイコツイン","井下　裕介","34.313296","134.063983","香川県高松市松縄町1109-21","087-814-3416","2013/2/4",,"○","○","○",
"39","今里オリーブ鍼灸整骨院","イマザトオリーブシンキュウセイコツイン","笠井　恭平","34.329179","134.058223","香川県高松市今里町一丁目499-1","087-880-3938","2016/3/14",,"○","○","○",
"40","入砂治療院","イリスナチリョウイン","入砂　信一","34.313236","134.045154","香川県高松市三条町92-1","087-865-3696","1998/7/21","○",,,,
"41","岩倉　美彩","イワクラ　ミサ","岩倉　美彩","34.342718","134.067893","香川県高松市福岡町四丁目13-23-502","087-811-5752","2013/3/12",,"○","○",,"○"
"42","上原鍼灸院","ウエハラシンキュウイン","上原　秀一郎","34.343887","134.123296","香川県高松市牟礼町牟礼2221-1","087-818-7808","2015/6/1",,"○","○","○",
"43","はり・灸　Uno a Uno","ハリキュウUno a Uno","中川　真弓","34.343423","134.039270","香川県高松市高松市番町3丁目7-9 ","070-9080-8839","2023/1/11",,"○","○",,
"44","植松治療院","ウエマツチリョウイン","植松　脩","34.305771","133.986919","香川県高松市御厩町1403-1","087-886-3454","1995/4/21","○",,,,
"45","内田指圧治療院","ウチダシアツチリョウイン","内田　泰司","34.338608","134.053794","香川県高松市塩上町一丁目2-18","087-837-5941","2014/5/26","○",,,,
"46","えのきど鍼灸院","エノキドシンキュウイン","榎戸　真治","34.305358","134.092921","香川県高松市東山崎町206-1 吉洸ビル１Ｆ","087-847-7966","2007/9/4",,"○","○","○",
"47","遠藤マッサージ治療院","エンドウマッサージチリョウイン","遠藤　繁太","34.340236","134.051458","香川県高松市瓦町二丁目8-15","087-831-6427","2015/3/11","○",,,,
"48","遠藤由美子治療院","エンドウユミコチリョウイン","遠藤　由美子","34.340254","134.051447","香川県高松市一宮町1194-13","087-885-3401","1998/8/3","○","○","○",,
"49","大熊鍼灸マッサージ治療院","オオクマシンキュウマッサージチリョウイン","大麻　悦治","34.344062","134.052979","香川県高松市今新町6-3","087-821-1151","1971/6/26","○","○","○",,
"50","あんまマッサージ健康堂治療院","アンママッサージケンコウドウチリョウイン","大嶋　俊一","34.234244","134.034401","香川県高松市香川町川東上1592-2","087-879-6124","1986/12/10","○",,,,
"51","太田　琢也","オオタ　タクヤ","太田　琢也","34.279363","134.033401","香川県高松市寺井町302-1","080-3162-0760","2009/4/8",,"○","○",,"○"
"52","大谷もくの木鍼灸院","オオタニモクノキシンキュウイン","大西　一郎","34.309261","133.974858","香川県高松市国分寺町新居3420-9","090-4973-8196","2019/4/1",,"○","○",,
"53","おおつか鍼灸治療院","オオツカシンキュウチリョウイン","大塚　安混","34.335102","134.044641","香川県高松市中野町2-7","087-861-2030","2004/2/13","○","○","○",,
"54","大野鍼灸院","オオノシンキュウイン","大野　晋治","34.351486","134.036242","香川県高松市浜ノ町18-23","087-851-6096","2018/11/1","○","○","○",,
"55","おかだ鍼灸整骨院","オカダシンキュウセイコツイン","岡田　融征","34.263019","134.024751","香川県高松市香川町大野1436-8","090-5710-4527","2017/8/9",,"○","○","○",
"56","岡田鍼灸マッサージ治療院","オカダシンキュウマッサージチリョウイン","岡田　八郎","34.344517","134.037108","香川県高松市扇町二丁目5-13","087-821-3110","1947/12/30","○","○","○",,
"57","岡野　孝博","オカノ　タカヒロ","岡野　孝博","34.322705","134.060276","香川県高松市松縄町50-6","070-1787-2226","2019/5/20",,"○","○",,
"58","岡はり灸マッサージ治療院","オカハリキュウマッサージチリョウイン","岡　熟","34.291276","134.073427","香川県高松市上林町85","087-889-3631","1999/3/10","○","○","○",,
"59","岡本鍼灸マッサージ治療院","オカモトシンキュウマッサージチリョウイン","岡本　裕","34.320488","134.049147","香川県高松市上之町二丁目9-30岡村ビル1F","087-866-2711","1985/5/27","○","○","○","○",
"60","岡本　吉史","オカモトヨシフミ","岡本　吉史","34.290768","134.029417","香川県高松市一宮町842-2","087-886-5977","2005/7/1",,"○","○",,"○"
"61","おはな鍼灸院","オハナシンキュウイン","西中　祐貴","34.289461","134.028090","香川県高松市一宮町781-8","087-899-7870","2020/3/15",,"○","○",,
"62","大比賀はりきゅうマッサージ治療院","オビカハリキュウマッサージチリョウイン","大比賀　節美","34.283350","134.026792","香川県高松市一宮町387-5","087-886-7576","1997/5/7","○","○","○",,
"63","オレンジ鍼灸接骨院","オレンジシンキュウセイタイイン","大森　鉄也","34.323589","134.104514","香川県高松市新田町甲1494-8","087-841-9095","2006/9/3","○","○","○","○",
"64","香川ウェルネスサービス","カガワウェルネスサービス","有）香川ウエルネスサービス","34.262060","134.021286","香川県高松市香川町大野1760-14","087-885-2666","2006/3/21","○",,,,
"65","柿の木レディースこども鍼灸院","カキノキレディースコドモシンキュウイン","エミーライフ株式会社","34.337206","134.138928","香川県高松市牟礼町牟礼300-9","090-4966-0371","2022/2/4","○","○","○",,
"66","笠井鍼灸治療院","カサイシンキュウチリョウイン","笠井　敏弘","34.314452","133.997757","香川県高松市飯田町34-72","087-882-5810","2014/9/9",,"○","○",,
"67","笠原　聡","カサハラ　サトシ","笠原　聡","34.281183","134.097171","香川県高松市小村町41-1　モルティMIC206","−−−−−","2005/1/25",,"○","○",,"○"
"68","桂田　忠雄","カツラタ　タダオ","桂田　忠雄","34.355627","133.981026","香川県高松市神在川窪町294-9","−−−−−","2004/11/26","○",,,,"○"
"69","兼島　正彦","カネシマ　マサヒコ","兼島　正彦",,,"香川県高松市川部町","070-3196-3758","2020/10/1","○",,,,"○"
"70","カノープス鍼灸治療院","カノープスシンキュウチリョウイン","(有)カノークス","34.344965","134.058288","香川県高松市井口町6-5　プチメゾン片原町805","090-1327-7631","2018/9/14","○","○","○",,
"71","釜野指圧治療院","カマノシアツチリョウイン","釜野　一男","34.282535","134.035598","香川県高松市寺井町34-7","087-889-0072","1989/12/10","○",,,,
"72","釜野物療院","カマノブツリョウイン","釜野　昇","34.283331","134.038009","香川県高松市仏生山町甲964-8","087-889-4323","1982/6/11","○","○","○",,
"73","かめだ鍼灸接骨院","カメダシンキュウセッコツイン","佐藤　郁子","34.281707","134.116623","香川県高松市亀田町54-8","087-847-3538","2002/10/28",,"○","○","○",
"74","からと治療院","カラトチリョウイン","佃　賢一","34.249188","134.034323","香川県高松市香川町浅野1303-44","087-879-6354","1983/4/11","○","○","○",,
"75","からだ元気治療院  高松南　綾川店","カラダゲンキチリョウイン  タカマツミナミ　アヤガワテン","MS　DataService合同会社","34.300247","133.960496","香川県高松市国分寺町新居1404-4","087-899-5028","1954/3/30","○","○","○",,
"76","川北鍼灸院","カワキタシンキュウイン","川北　博文","34.341305","134.118011","香川県高松市高松町2295-4","087-843-7273","1996/7/17","○","○","○","○",
"77","川田治療院","カワダチリョウイン","川田　紀一郎","34.284099","134.110060","香川県高松市亀田南町114-5","087-847-9376","1977/4/1","○","○","○",,
"78","川谷　利行","カワタニ　トシユキ","川谷　利行","34.345914","133.970375","香川県高松市中山町1305","087-882-0210","2012/4/17","○",,,,"○"
"79","河西針灸マッサージ治療院","カワニシハリキュウマッサージチリョウイン","河西　明美","34.281318","134.005045","香川県高松市円座町1714-4","087-885-2795","1992/11/8","○","○","○",,
"80","かわばた鍼灸マッサージ院","カワバタシンキュウマッサージイン","(株)アスリートステーション","34.347602","134.027975","香川県高松市西町1-3","087-887-0614","2010/10/14","○","○","○","○",
"81","川渕ハリ・マッサージ治療院","カワブチハリ・マッサージチリョウイン","川渕　正明","34.345409","134.028711","香川県高松市西宝町一丁目16-34","087-861-9887","2002/2/22","○","○","○",,
"82","神高鍼灸院","カミタカシンキュウイン","神高　敏伸","34.306050","133.990109","香川県高松市御厩町483-7","087-885-0035","2018/10/11",,"○","○",,
"83","きうち鍼灸院","キウチシンキュウイン","木内　裕太","34.294949","134.092518","香川県高松市下田井町239-15","090-5912-5269","2016/1/21",,"○","○",,
"84","菊池鍼灸指圧院","キクチシンキュウシアツイン","菊池　恒一郎","34.334439","134.051750","香川県高松市藤塚町二丁目8-14","087-861-3045","1985/6/14","○","○","○",,
"85","北谷治療院","キタタニチリョウイン","北谷　あき子","34.306527","134.051574","香川県高松市太田下町3005-14","087-867-7614","2009/11/1","○","○","○",,
"86","きたむら鍼灸接骨院","キタムラシンキュウセッコツイン","北村　幹","34.326923","134.070261","香川県高松市木太町1861-4","087-899-8758","2021/1/1",,"○","○","○",
"87","木村　雅代","キムラ　マサヨ","木村　雅代","34.335824","134.047989","香川県高松市中新町16-1-704","−−−−−","2003/10/25","○","○","○",,"○"
"88","きもり鍼灸治療院","キモリシンキュウチリョウイン","長尾　淳平","34.347229","134.018918","香川県高松市郷東町637-2","087-802-3909","2015/10/10","○","○","○",,
"89","きゅう鍼灸院","キュウシンキュウイン","野上  久一","34.278152","134.037450","香川県高松市仏生山町甲81-2","090-9559-7905","2008/6/3","　","○","○",,
"90","喜楽整骨院内河端皆気院","キラクセイコツインナイカワバタカイキイン","河端　重樹","34.346106","134.045586","香川県高松市磨屋町5-11磨屋町ビル1Ｆ（101）","087-851-3677","2020/3/2",,"○","○","○",
"91","くすの木・鍼灸治療院","クスノキシンキュウチリョウイン","津島　英範","34.330837","134.054953","香川県高松市楠上町一丁目9-32","087-880-2846","2015/10/27",,"○","○",,
"92","国重鍼灸院高松","クニシゲシンキュウインタカマツ","国重　佳宣","34.335457","134.043408","香川県高松市中野町3-21","087-862-6631","1996/4/3",,"○","○",,
"93","久保　晃信","クボ　アキノブ","久保　晃信","34.311263","134.057951","香川県高松市伏石町2102-1 ","0877-85-8512","2012/9/19","○","○","○",,"○"
"94","久保鍼灸院","クボシンキュウイン","久保　美雄","34.324684","134.078613","香川県高松市木太町3505-1","087-861-9112","2011/11/1",,"○","○","○",
"95","久保鍼灸接骨院","クボシンキュウセッコツイン","久保　仁志","34.340418","134.011499","香川県高松市鶴市町2019-3","087-813-0020","2009/7/10",,"○","○","○",
"96","公文指圧鍼灸院","クモンシアツシンキュウイン","公文　将士","34.338159","134.050799","香川県高松市常磐町二丁目3-24","090-3185-7021","2021/3/10","○","○","○",,
"97","黒川　愛（女性のみ受付）","クロカワ　アイ","黒川　愛","34.338159","134.050788","香川県高松市香南町岡793","087-879-2633","2014/10/1",,"○","○",,"○"
"98","栗　有咲","クリ　アリサ","栗　有咲",,,"香川県高松市国分寺町福家甲2694-7","080-6391-8483","2019/7/19",,,"○",,"○"
"99","ケアハウス治療室","ケアハウスチリョウシツ","宮武　功哲","34.332664","134.084954","香川県高松市木太町2858-16","087-837-0740","1996/2/13","○","○",,,
"100","ケアルーム・ユウ鍼灸治療室","ケアルーム・ユウシンキュウチリョウシツ","片岡　裕子","34.335701","134.073684","香川県高松市木太町2362-5","080-3929-9554","2007/7/25",,"○","○",,
"101","憩楽堂","ケイラクドウ","㈱伸正　藤川　国伸","34.337938","134.053426","香川県高松市塩上町一丁目7-5メイゾン岩沢第一ビル１F","087-837-6390","2013/1/1","○","○",,,
"102","ＫＥＩＲＯＷ訪問マッサージ高松上天神ステーション","ＫＥＩＲＯＷホウモンマッサージタカマツカミテンジンステーション","東原　大明","34.310356","134.036077","香川県高松市上天神町654-1　102号","087-813-6207","2014/11/7","○","○","○",,"○"
"103","健腹堂指圧治療院","ケンフクドウシアツチリョウイン","和田　学","34.348538","134.089141","香川県高松市屋島西町2492-32","087-841-3888","1988/5/2","○",,,,
"104","こうざいはり灸院","コウザイハリキュウイン","中村　直樹","34.350163","133.993437","香川県高松市香西北町79-10","087-882-2848","2007/11/1","○","○","○",,
"105","光命堂","コウメイドウ","多田　吉宏","34.339194","134.140447","香川県高松市牟礼町牟礼26-7","087-845-2558","2000/4/24","○","○","○",,
"106","こころ鍼灸サロン","ココロシンキュウサロン","新家　佳代","34.332950","134.090606","香川県高松市春日町1424ビューハイム小石101","090-7148-1659","2020/8/1",,"○","○",,
"107","小﨑整骨院(鍼灸)","コサキセイコツイン(シンキュウ)","小﨑　隆弘","34.337770","134.044379","香川県高松市中央町5-1","087-862-4428","2004/12/1",,"○","○","○",
"108","児島治療院","コジマチリョウイン","児島　幸男","34.299059","134.050895","香川県高松市多肥下町43-5","087-865-8940","1988/1/5","○",,,,
"109","こてつ鍼灸院","コテツシンキュウイン","斎藤　明次","34.290907","134.095560","香川県高松市下田井町449-11","087-887-1782","2017/1/26",,"○","○","○",
"110","ごとう鍼灸院","ゴトウシンキュウイン","午頭　稔二","34.291373","134.091006","香川県高松市下田井町372-1","090-8692-5818","2018/12/19",,"○","○",,
"111","近藤あんま指圧マッサージ治療院","コンドウアンマシアツマッサージチリョウイン","近藤　光子","34.291237","134.065315","香川県高松市上林町528-2","087-889-8077","2012/7/2","○",,,,
"112","コンフォートマッサージ","コンフォートマッサージ","水谷　哲治","34.300929","134.059825","香川県高松市多肥下町1552-8","087-815-1288","2004/4/1","○","○","○",,
"113","佐伯鍼灸院","サエキシンキュウイン","佐伯　省三","34.327107","134.046078","香川県高松市栗林町一丁目15-36","087-831-4376","1979/9/26",,"○","○",,
"114","堺指圧鍼灸治療院","サカイシアツシンキュウチリョウイン","堺　稔","34.334934","134.054065","香川県高松市藤塚町三丁目6-14","087-861-2395","1989/5/19","○","○","○",,
"115","さきなか鍼灸院","サキナカシンキュウイン","崎中　英伸","34.320702","134.065183","香川県高松市松縄町1058-4","087-868-7334","1998/6/30",,"○","○",,
"116","さくら鍼灸院","サクラシンキュウイン",,,,"香川県高松市","090-9288-4605","2023/1/9",,"○","○",,
"117","佐々木鍼灸院","ササキシンキュウイン","佐々木　勝哉","34.344264","134.069649","香川県高松市福岡町三丁目24-7","087-821-6041","2022/1/1","○","○","○","○",
"118","ささき治療院マッサージはりきゅう","ササキチリョウインマッサージハリキュウ","佐々木　輝","34.341161","134.109744","香川県高松市屋島東町1647-1","080-7015-0190","2015/10/1","○","○","○",,
"119","佐藤　勇","サトウ　イサム","佐藤　勇","34.304844","134.034195","香川県高松市田村町1179","087-867-6978","1996/7/8","○",,,,"○"
"120","佐藤　克久","サトウ　カツヒサ","佐藤　克久","34.281725","134.116645","香川県高松市亀田町54-8","090-9557-3376","2021/2/22",,"○","○",,"○"
"121","都楽鍼灸院","ミヤコラクシンキュウイン","栗尾　都","34.349966","134.018324","香川県高松市郷東町587-222 1階","080-9705-0345","2023/5/10","○","○","○",,
"122","三条物療院","サンジョウブツリョウイン","濱垣　敏雄","34.317713","134.045103","香川県高松市三条町548-8","087-865-9784","1984/7/10","○","○","○",,
"123","サンテ栗林事業所マッサージ治療院","サンテリツリンジギョウショマッサージチリョウイン","(株)Ｓａｎｔｅ","34.332887","134.047127","香川県高松市栗林町一丁目1-12ロワイヤル栗林公園602","0120-753-854","2012/3/1","○","○","○",,
"124","指圧黒田治療院","シアツクロダチリョウイン","黒田　協伯","34.314946","134.082049","香川県高松市元山町1255-9","087-865-3631","1985/4/6","○",,,,
"125","指圧はりきゅう増田治療院","シアツハリキュウマスダチリョウイン","増田　一誠","34.335134","134.049505","香川県高松市藤塚町一丁目6-5","087-831-7070","1989/1/5","○","○","○",,
"126","指圧マッサージ佐藤治療院","シアツマッサージサトウチリョウイン","佐藤　國恵","34.276661","133.994608","香川県高松市西山崎町698","087-886-2227","1985/4/11","○",,,,
"127","紫雲町あんま・はり・きゅう院","シウンチョウアンマハリキュウイン","赤川　博邦","34.342067","134.033410","香川県高松市紫雲町2-17　崎山ビル301","090-2824-9317","2016/11/1","○","○","○",,
"128","鹿谷　佳代","シカタニ　カヨ","鹿谷　佳代","34.344901","134.038877","香川県高松市扇町二丁目2-2","090-7148-1659","2011/11/20",,"○","○",,"○"
"129","しこくmini鍼灸サロン","シコクminiシンキュウサロン","野口　和子","34.312987","134.106401","香川県高松市新田町甲1951-1","090-7624-0763","2022/7/20",,"○","○",,
"130","七條鍼灸院","シチジョウシンキュウイン","七條　純治","34.282929","134.023713","香川県高松市一宮町450-17","087-886-2340","2018/10/25","○","○","○","○",
"131","しまず治療院","シマズチリョウイン","島津　貞喜","34.341275","134.112991","香川県高松市高松町2412-10","087-843-1560","2004/12/24","○","○","○",,
"132","しみず鍼灸院","シミズシンキュウイン","清水　啓吾","34.310981","134.047492","香川県高松市太田下町2501-1","087-80２-7302","2017/6/13",,"○","○","○",
"133","寿晃整骨院","ジュコウセイコツイン","森本　大志","34.335062","134.071198","香川県高松市木太町2193-13","087-861-8835","2012/3/14",,"○","○","○",
"134","女性専門鍼灸治療Shiomi","ジョセイセンモンシンキュウチリョウShiomi","入船　汐美","34.355478","134.355504","香川県高松市生島町396-10","087-882-3552","2012/10/1","○","○","○",,
"135","白井鍼灸院","シライシンキュウイン","白井　正通","34.347243","134.046925","香川県高松市西内町10-12","087-821-9455","1984/1/20",,"○","○",,
"136","新池　憲和","シンイケ　ノリカズ","新池　憲和","34.352087","133.989860","香川県高松市香西西町345-5","080-5660-0176","2024/3/15",,"○","○",,
"137","鍼灸院チハルノ","シンキュウインチハルノ","山田　千春","34.300215","134.046714","香川県高松市太田上町780-4MINORU21 203号","080-6287-2424","2017/7/1",,"○","○",,
"138","鍼灸院　Lune","シンキュウインLune","橋本　純","34.355662","134.091691","香川県高松市屋島西町738-1","080-9572-5020","2020/3/10",,"○","○",,
"139","鍼灸院　楪　ゆずりは","シンキュウイン　ユズリハ","加藤　淑美","34.297899","134.065231","香川県高松市林町778-7","080-5828-0058","2024/7/29","○","○","○",,
"140","鍼灸指圧マッサージHitomi治療院","シンキュウシアツマッサージHitomiチリョウイン","増野　仁美","34.287786","134.111857","香川県高松市亀田町386-20","087-847-3610","2009/10/20","○","○","○",,
"141","鍼灸サロンRevive","シンキュウサロンRevive","株式会社EARCS 代表取締役 中川郁也","34.320687","134.063098","香川県高松市松縄町1053-21 サンライフレインボーロードビル２階Ｆ号","087-899-8330","2023/7/12",,"○","○",,
"142","鍼灸サロン・和","シンキュウサロンヤワラ","井手山　敬明","34.300004","134.080600","香川県高松市六条町864","087-814-7530","2023/9/15","○","○","○",,
"143","鍼灸整骨院なごみ堂","シンキュウセイコツインナゴミドウ","インプレッション（株）（代）小島雄二","34.291221","134.041244","香川県高松市仏生山町甲806-2","087-813-8304","2012/7/23",,"○","○","○",
"144","鍼灸整骨院なごみ堂元山店","シンキュウセイコツインナゴミドウモトヤマテン","インプレッション（株）（代）小島雄二","34.320147","134.083473","香川県高松市元山町1192-1","087-899-7855","2014/5/20",,"○","○","○",
"145","鍼灸治療院あんしん堂","シンキュウチリョウインアンシンドウ","西川　省一","34.305730","133.967562","香川県高松市国分寺町新居469-13","087-875-0235","2013/6/10","○","○","○",,
"146","鍼灸治療院　簡松堂","シンキュウチリョウインカンマツドウ","松木　宣嘉","34.339613","134.048237","香川県高松市亀井町10-8　梅林ビル1Ｆ","080-2978-2833","2015/8/20","○","○","○",,
"147","鍼灸マッサージ池木治療院","シンキュウマッサージイケギチリョウイン","池木　修","34.342805","134.032569","香川県高松市昭和町一丁目14-23","087-861-5995","1960/4/5","○","○","○",,
"148","鍼・灸マッサージ　宮伯堂","シンキュウマッサージミヤハクドウ","二宮　友模","34.337506","134.048404","香川県高松市田町3-22　円尾ビル１階西","087-862-0491","2016/11/13","○","○","○",,
"149","スーパー銭湯あかね温泉治療院","スーパーセントウアカネオンセンチリョウイン","遠藤　正男","34.350780","134.023628","香川県高松市茜町28-43","087-833-0268","2000/6/1","○",,,,
"150","杉あん摩マッサージ施術所","スギアンママッサージセジュツショ","井尻　千恵子","34.347521","134.055365","香川県高松市鶴屋町2-1ファーストイン高松内","087-822-1919","1990/7/14","○",,,,
"151","すこやか鍼灸整骨院","スコヤカシンキュウセイコツイン","木村　靖","34.350684","134.088771","香川県高松市屋島西町2484-18 ウエストコーストヤシマB-106","087-843-6201","2007/11/26","○","○","○","○",
"152","すずらん鍼灸整骨院","スズランシンキュウセイコツイン","岩崎　洋己","34.348716","134.010709","香川県高松市郷東町470-1","087-880-5677","2019/2/19",,"○","○",,
"153","砂川鍼灸接骨院","スナガワシンキュウセッコツイン","砂川　孝洋","34.334945","134.073335","香川県高松市木太町2343","087-837-8750","1988/6/6",,"○","○","○",
"154","住田　武司","スミダ　タケシ","住田　武司","34.319733","134.023347","香川県高松市西春日町1407県住4-204","−−−−−","2002/4/18","○",,,,"○"
"155","せいあい　鍼灸あんま治療院","セイアイ　シンキュウアンマチリョウイン","株式会社Cresia 代表取締役 村上雄那",,,"香川県高松市香西北町","050-3442-5470","2024/2/20","○","○","○",,
"156","せきれい訪問マッサージ","セキレイホウモンマッサージ",,"34.313040","134.048652","香川県高松市三条町207番地8","087-880-8168","2021/7/1","○","○","○",,
"157","瀬戸大橋長生館　高松店","セトオオハシチョウセイカン　タカマツテン","富岡　拓也","34.340795","134.052293","香川県高松市瓦町1-13-9　1Ｆ","080-4343-9249","2024/4/10","○",,,,
"158","瀬谷鍼灸院","セヤシンキュウイン","瀬谷　浩生","34.347884","134.089144","香川県高松市屋島西町2492-27","087-841-8711","2009/4/22",,"○","○",,
"159","接骨院navi","セッコツインnavi","石井　尚登","34.311429","134.044350","香川県高松市三条町108-1柴田ビル105","087-887-5467","2013/6/1",,"○","○","○",
"160","爽健美","ソウケンビ","横内　慶一","34.337610","134.054705","香川県高松市塩上町2丁目17-20","087-880-9500","2019/6/1",,"○","○",,
"161","そよかぜ接骨院","ソヨカゼセッコツイン","松川　佳央","34.330674","134.061512","香川県高松市上福岡町2007-10-103","087-837-1260","2022/4/19",,"○","○",,"○"
"162","だい鍼灸院","ダイシンキュウイン","荒川　大","34.333758","134.052558","香川県高松市塩屋町15-2　富士マンション103","050-3573-5655","2015/11/11",,"○","○","○",
"163","大成鍼灸マッサージ治療院","タイセイシンキュウマッサージチリョウイン","田中　泰成","34.333650","134.065058","香川県高松市上福岡町696-11","087-833-8058","2014/12/8","○","○","○",,
"164","たいら鍼灸院","タイラシンキュウイン","平　昌幸","34.321487","134.062818","香川県高松市松縄町44-8","087-869-8369","1999/2/3",,"○","○","○",
"165","たか鍼灸接骨院","タカシンキュウセッコツイン","佐々木　隆司","34.311694","134.057154","香川県高松市伏石町2099-10","087-867-2072","2010/5/1",,"○","○","○",
"166","たてもと鍼灸院","タテモトシンキュウイン","立本　勇太","34.344266","134.036752","香川県高松市扇町2丁目8-13 渡辺ビル1F","090-2334-5686","2024/5/30",,"○","○","○",
"167","高橋　協子","タカハシ　キョウコ","高橋　協子","34.345923","134.119079","香川県高松市高松町2196-17","090-8699-6544","2024/7/7",,"○","○",,"○"
"168","TaKaMa鍼灸整体院","TaKaMaシンキュウセイコツイン","上原　卓真","34.322141","134.043011","香川県高松市東ハゼ町1-12","080-5668-7595","2024/5/10",,"○","○",,
"169","高松クア鍼灸院","タカマツクアシンキュウイン","久保　龍次","34.343337","134.001278","香川県高松市香西南町512","087-882-3100","2005/4/1","○","○","○","○",
"170","高松スマイル鍼灸接骨院","タカマツスマイルシンキュウセッコツイン","(株)さぬき総合企画","34.244162","134.084413","香川県高松市西植田町2088-15","087-880-9657","2011/12/21",,"○","○","○",
"171","高松坂口鍼灸整骨院　太田院","タカマツサカグチシンキュウ７セイコツインオオタイン","株式会社ＥＸＰＡＮＤ 代表取締役 大平 雄伸","34.309041","134.043987","香川県高松市太田下町2311-1","070-3762-9787","2022/12/5",,"○","○","○",
"172","瀧　義忠","タキ　ヨシタダ","瀧　義忠","34.363187","133.969753","香川県高松市高松市神在川窪町563-1","087-882-2081","2013/3/3",,"○","○",,"○"
"173","武上接骨院","タケガミセッコツイン","武上　晃基","34.344193","134.138329","香川県高松市牟礼町牟礼1465-6","087-845-6364","2002/4/1"," ","○",,"○",
"174","武上針灸院","タケガミハリキュウイン","武上　郁男","34.345370","134.120707","香川県高松市牟礼町牟礼2413-11","087-845-1395","1984/10/17",,"○","○",,
"175","武田治療院","タケダチリョウイン","武田　芳恵","34.268734","134.086663","香川県高松市川島東町1046","090-1175-3896","2023/5/22","○","○","○",,
"176","タケダ鍼灸マッサージ院","タケダシンキュウマッサージイン","武田　樹市朗","34.302108","134.041729","香川県高松市太田上町1057-2","087-868-0810","2016/4/1","○","○","○","○",
"177","田幸　正旬","タコウ　セイジュン","田幸　正旬","34.313921","134.042457","香川県高松市上天神町397-1","080-3160-0463","2020/1/22","○","○","○",,"○"
"178","田中鍼灸整骨院","タナカシンキュウセイコツイン","田中　英治","34.275912","134.100474","香川県高松市高松市川島東町523-4","087-848-6681","2008/11/20",,"○","○","○",
"179","田中直治","タナカナオハル","田中直治","34.320814","133.995886","香川県高松市飯田町474","087-881-4875","2000/9/7","○","○","○",,"○"
"180","田中調整治療院","タナカチョウセイチリョウイン","田中　良宜","34.259915","134.033538","香川県高松市香川町浅野889-10","087-888-3188","2007/8/6","○","○","○",,
"181","谷野指圧治療院","タニノシアツチリョウイン","谷野　哲","34.281570","134.042245","香川県高松市仏生山町甲772","−−−−−","1990/6/29","○",,,,
"182","民谷　仁","タミヤ　ジン","民谷　仁","34.337982","134.088723","香川県高松市春日町1621-12","090-6289-1104","2022/11/2","○",,,,
"183","田村指圧マッサージ院","タムラシアツマッサージイン","田村　隆司","34.345461","134.057422","香川県高松市東浜町一丁目3-11","087-821-6924","2007/1/21","○",,,,
"184","ちくご鍼灸整骨院","チクゴシンキュウセイコツイン","筑後　一二","34.323786","134.072275","香川県高松市木太町1602-1","087-813-2110","2011/7/25",,"○","○","○",
"185","あんま鍼灸治療室 つきの木","アンマシンキュウチリョウシツ ツキノキ","大浦　淳","34.345852","134.049762","香川県高松市古新町1-4　WINDビル3階 301","087-823-1805","2023/3/1","○","○","○",,
"186","月本　指圧鍼灸院","ツキモト　シアツシンキュウイン","月本　郁代","34.270210","134.036829","香川県高松市香川町浅野348-45","087-889-6058","1979/8/1","○","○","○",,
"187","寺嶋鍼灸院","テラシマシンキュウイン","寺嶋　功雄","34.265804","134.024059","香川県高松市香川町大野1295","087-886-4126","1991/12/25","○","○","○",,
"188","天真堂針灸院","テンシンドウシンキュウイン","末澤　勇","34.265839","134.024048","香川県高松市香西東町313-1","087-882-5433","1988/6/1","○","○","○",,
"189","天針堂鍼灸マッサージ治療院","テンシンドウシンキュウマッサージチリョウイン","宮本　宜知","34.337228","134.059905","香川県高松市多賀町二丁目7-11","087-862-8484","1998/1/17","○","○","○",,
"190","テイクキュア多肥","テイクキュアタヒ","有）アスレティックステーション","34.296522","134.058211","香川県高松市多肥上町1330-1","087-868-3228","2007/9/25","○","○","○",,
"191","東洋ヘルスリサーチ研究所","トウヨウヘルスリサーチケンキュウショ","川　賢治","34.337292","134.058737","香川県高松市多賀町二丁目8-20","087-831-6056","1983/1/4","○","○","○","○",
"192","トキワ治療所","トキワチリョウショ","土岐　文子","34.339110","134.057235","香川県高松市塩上町三丁目14-2","087-831-6589","1982/8/12","○","○","○",,
"193","徳田鍼灸院","トクダシンキュウイン","徳田　武義","34.275317","134.114939","香川県高松市亀田南町736-14","087-847-8341","1990/4/23","○","○","○",,
"194","土橋　康樹","ツチハシ　コウキ","土橋　康樹","34.338632","134.040919","香川県高松市亀岡町9-17稲井ビル405号","090-9779-5970","2013/4/8","○","○","○",,"○"
"195","富岡鍼灸院","トミオカシンキュウイン","冨岡　利仁","34.386517","134.127812","香川県高松市庵治町6389-83","087-870-3877","2000/7/3","○","○","○","○",
"196","冨田なみ江","トミタナミエ","冨田　なみ江","34.304826","134.034206","香川県高松市田村町1179-11-103","087-865-3222","2021/2/24","○",,,,"○"
"197","冨田　嘉男","トミタヨシオ","冨田　嘉男","34.304826","134.034206","香川県高松市田村町1179-11-103","087-865-3222","2021/2/24","○",,,,"○"
"198","虎丸鍼灸指圧院","トラマルシンキュウシアツイン","渡邉　正光","34.338270","134.050956","香川県高松市常磐町二丁目3-26 小野ビル2Ｆ","087-835-3826","1998/6/26","○","○","○",,
"199","ナイル治療院","ナイルチリョウイン","渡邉　裕介","34.249257","133.993617","香川県高松市香南町西床512-2","087-816-6589","2007/7/7","○","○","○",,
"200","直井鍼灸指圧院","ナオイシンキュウシアツイン","直井　好夫","34.330448","134.101856","香川県高松市新田町甲221-8","087-843-3933","2007/1/29","○","○","○",,
"201","なお治療院","ナオチリョウイン","間島　直行","34.338454","134.055717","香川県高松市塩上町2-12-9","087-861-7088","2018/10/2","○","○","○",,
"202","中井指圧鍼灸治療院","ナカイシアツシンキュウチリョウイン","中井　敏之","34.337932","134.041793","香川県高松市亀岡町3-14","087-833-6249","2003/8/16","○","○","○",,
"203","中井鍼灸院","ナカイシンキュウイン","中井　斉晃","34.282448","134.040016","香川県高松市仏生山町甲1808","087-889-3120","1995/12/22","○","○","○","○",
"204","長尾　友也","ナガオ　トモヤ","長尾　友也","34.322049","134.036640","香川県高松市西ハゼ町60-10-105","090-5718-4918","2007/5/1","○","○","○",,"○"
"205","長町　由貴","ナガマチ　ユキ","長町　由貴","34.304105","134.068849","香川県高松林町2548番地4","090-1000-6967","2024/5/24","○","○","○",,"○"
"206","中崎　真理子","ナカサキ　マリコ","中崎　真理子",,,"香川県高松市円座町","090-8698-0185","2015/6/6","○","○","○",,"○"
"207","中曽根鍼灸大学堂","ナカソネシンキュウダイガクドウ","中曽根　徹","34.255730","134.033783","香川県高松市香川町浅野1003-1","087-879-2480","1996/4/26","　","○","○",,
"208","中村　直樹","ナカムラ　ナオキ","中村　直樹","34.270547","134.006876","香川県高松市川部町1576-27","090-2103-3397","2010/10/27",,"○","○",,"○"
"209","中村鍼灸治療院","ナカムラシンキュウチリョウイン","中村　大輔","34.312609","134.090556","香川県高松市元山町291-10","087-887-7454","2013/5/14","○","○","○",,
"210","中村治療院","ナカムラチリョウイン","中村　誠二","34.382784","134.128968","香川県高松市庵治町649-4","090-3785-4848","2005/2/25","○","○","○",,
"211","中村　良子","ナカムラ　リョウコ","中村　良子","34.347547","134.097977","香川県高松市屋島西町1077","087-843-5946","2002/5/21","○",,,,"○"
"212","中村　綾子","ナカムラ　アヤコ","中村　綾子","34.304931","134.061609","香川県高松市多肥下町1528-10 エスポワール1　田井302","080-5245-6909","2024/7/25","○","○","○",,"○"
"213","那須　剛明","ナス　タケアキ","那須　剛明","34.353997","133.993184","香川県高松市香西北町309-1","087-881-7068","2010/4/20",,"○","○",,"○"
"214","なつめ鍼灸整骨院","ナツメシンキュウセイコツイン","株式会社　アヴァンティ","34.326587","134.070404","香川県高松市木太町1861-12","087-813-2887","2021/5/19",,"○","○",,
"215","なつめ鍼灸整骨院","ナツメシンキュウセイコツイン","株式会社　アヴァンティ","34.293205","134.038498","香川県高松市仏生山町甲42-1","087-813-5514","2024/3/15",,"○","○",,
"216","なみおしんきゅういん","ナミオシンキュウイン","浪尾　敬一","34.283413","134.011595","香川県高松市円座町1385-1","087-885-2903","2005/5/10","○","○","○","○",
"217","なな訪問鍼灸マッサージ","ナナホウモンシンキュウマッサージ","（株）Lily","34.343882","134.060746","香川県高松市松福町一丁目4-12","090-1100-7725","2022/9/20","○","○","○",,
"218","にこにこ治療院","ニコニコチリョウイン","（株）S-CREST","34.334277","134.011306","香川県高松市鶴市町896-2","080-5739-8628","2022/3/1","○",,,,
"219","西高松治療院","ニシタカマツチリョウイン","山川　恭生","34.345314","134.016955","香川県高松市郷東町字東新開148-3","087-832-8811","2023/10/1",,"○","○",,
"220","ネックセラピー高松","ネックセラピータカマツ","原　量宏","34.339093","134.052608","香川県高松市常磐町1-3-1　瓦町FLAG  10階","087-802-2240","2022/5/19",,"○","○",,
"221","野田鍼灸院","ノダシンキュウイン","野田　等","34.261950","134.050480","香川県高松市香川町浅野3391","087-889-6173","1998/9/4","○","○","○",,
"222","野村　和弘","ノムラ　カズヒロ","野村　和弘",,,"香川県高松市","090-5143-7565","2023/4/5",,"○","○",,
"223","ハーリー治療院","ハーリーチリョウイン","立川　雅之","34.315920","134.071406","香川県高松市木太町877-3","087-865-7681","2012/8/2",,"○","○",,
"224","橋田　洋一","ハシダ　ヨウイチ","橋田　洋一","34.343907","134.032313","香川県高松市昭和町一丁目4番17号 メゾンエスフロント303","080-5549-5515","2022/4/12","○","○","○",,"○"
"225","橋本鍼接骨院","ハシモトハリセッコツイン","橋本　健吾","34.337449","134.053712","香川県高松市塩上町一丁目6-10","087-833-2422","1972/9/27",,"○","○","○",
"226","畠田　大地","ハタダ　ダイチ","畠田　大地","34.330013","134.055881","香川県高松市楠上町二丁目3-7-910","−−−−−","2011/4/5","○","○","○",,"○"
"227","はた治療院","ハタチリョウイン","秦 和成","34.271162","134.019293","香川県高松市香川町大野2059-10","087-886-5121","2003/2/10","○",,,,
"228","浜野あん摩マッサージ鍼灸院","ハマノアンママッサージシンキュウイン","浜野　幸二","34.351392","134.122126","香川県高松市牟礼町牟礼2625-23","087-845-5822","2000/5/1","○","○","○",,
"229","林マッサージ治療院","ハヤシマッサージチリョウイン","林　繁行","34.391228","134.128782","香川県高松市庵治町5597","087-871-3753","1982/12/1","○","○","○",,
"230","原　元司","ハラ　モトジ","原　元司","34.316319","133.969207","香川県高松市国分寺町新居2950-10","087-874-5732","2019/3/8",,"○","○",,"○"
"231","原野鍼灸整骨院","ハラノシンキュウセイコツイン","原野　真一","34.344977","134.031617","香川県高松市扇町三丁目12-10","087-862-2468","1998/5/19",,"○","○","○",
"232","はり灸院　福みみ堂","ハリキュウイン　フクミミドウ","濱　あらた","34.296608","134.042798","香川県高松市太田上町384-1エルディム今原101","087-880-0373","2014/11/29",,"○","○",,
"233","はり・灸中西治療院","ハリ・キュウナカニシチリョウイン","中西　慶","34.317753","134.044056","香川県高松市三条町546-2","090-3785-8022","2023/7/3","○","○","○",,
"234","ハリキュウアンマはるかぜ治療院","ハリキュウアンマハルカゼチリョウイン","熊野　孝彰","34.286386","134.025908","香川県高松市一宮町623-7","087-885-5445","2001/2/26","○","○","○",,
"235","はりきゅうあんま百間堂治療院","ハリキュウアンマヒャッケンドウチリョウイン","宮嶋　学","34.343429","134.065251","香川県高松市松福町二丁目4-20","087-823-1237","2001/4/10","○","○","○",,
"236","はり・きゆう　ころきゅうあん","ハリ・キユウ　コロキュウアン","神高　京子","34.306669","134.022983","香川県高松市勅使町1050-2","087-868-2465","2008/8/18",,"○","○",,
"237","はり・きゅう　すいとう治療院","ハリ・キュウ　スイトウチリョウイン","水藤　圭祐","34.334874","134.035897","香川県高松市宮脇町二丁目17-23","090-1267-0882","2014/10/1","○","○","○",,
"238","はり・きゅう院　縁　高松院","ハリ・キュウイン　エン　タカマツイン","成行　玉貴","34.308746","134.083489","香川県高松市元山町1013-4","0877-55-2912","2024/7/1",,"○","○",,
"239","はり・灸のサンティエ","ハリ・キュウノサンティエ","小川　雄司","34.336031","134.058759","香川県高松市多賀町一丁目11-8","087-861-6486","2008/4/17",,"○","○",,
"240","はり灸・マッサージ　Calm","ハリキュウマッサージ　Calm","中原　宏光","34.347715","134.016270","香川県高松市郷東町563番地1号","090-1007-6076","2024/3/1","○","○","○",,
"241","はり灸マッサージ　かがわ治療院","ハリキュウマッサージ　カガワチリョウイン","香川　邦彦","34.299400","134.045744","香川県高松市太田上町705-2　太田駅前ビル1階北2","087-880-5989","2016/9/1","○","○","○",,
"242","はり・きゅう・マッサージ高松ひらた治療室","ハリキュウマッサージ　タカマツヒラタチリョウイン","平田　直之","34.278258","134.068438","香川県高松市三谷町1159-7","087-899-5333","2014/5/29","○","○","○",,
"243","はり・きゅう　モデルノカーラ","ハリキュウ　モデルノカーラ","和泉　里津子","34.319269","134.067791","香川県高松市木太町1094-7","087-868-1713","2020/4/14",,"○","○",,
"244","はり・きゅう・リラクゼーション360","ハリキュウリラグゼーション360","中山　恭介","34.319260","134.067769","香川県高松市東植田町491-6","087-849-0767","2021/7/24",,"○","○",,
"245","はり・きゅう・指圧 たきの治療院","ハリ・キュウ・シアツ タキノチリョウイン","瀧野　善之","34.319206","134.067758","香川県高松市鬼無町藤井595-3","087-881-8942","2005/5/15","○","○","○",,
"246","はりきゅうマッサージサロンLimana","ハリキュウマッサージサロンLimana","山本　麻鈴","34.319277","134.067780","香川県高松市高松市常磐町2-5-6 山畑ビル２階西","070-9109-5246","2023/11/4","○","○","○",,
"247","はり・マッサージ やまだ治療院","ハリマッサージ ヤマダチリョウイン","山田　泰輔","34.337801","134.050875","香川県高松市常磐町2-9-13","087-862-8826","2021/3/22","○","○","○",,
"248","はり　マッサージ　もいさ","ハリマッサージ　モイサ","伊藤　春恵","34.339044","134.102645","香川県高松市屋島西町1921-1　ハイマート屋島807","080-1993-2113","2021/1/4","○","○","○",,
"249","椛鍼灸院","モミジシンキュウイン","岡田　幸美","34.308852","133.963983","香川県高松市国分寺町新居1960-1","087-805-7371","2015/4/20",,"○","○",,
"250","番町もくの木鍼灸院","バンチョウモクノキシンキュウイン","大西　一郎","34.340071","134.038514","香川県高松市番町五丁目6-26　田村館1Ｆ","087-862-0550","2016/1/21",,"○","○",,
"251","坂東　聖仙","バンドウ　セイセン","坂東　聖仙","34.267502","134.021889","香川県高松市香川町大野1257-11","090-7624-3616","2007/5/21",,"○","○",,"○"
"252","ピース鍼灸整骨院","ピースシンキュウセイコツイン","山田　正人","34.300149","134.098481","香川県高松市東山崎町462-1","087-840-7774","2014/12/3","○","○","○","○",
"253","東原マッサージ治療院","ヒガシハラマッサージチリョウイン","東原 芳裕","34.267847","134.050998","香川県高松市香川町浅野3583","087-889-3523","1974/10/10","○",,,,
"254","VIGOROUS鍼灸接骨院","VIGOROUSシンキュウセッコツイン","合同会社　VIGOROUS","34.310767","134.060039","香川県高松市伏石町2084-10　中家ビル","087-802-9225","2019/8/21",,"○","○",,
"255","ひな鍼灸院","ヒナシンキュイン","松尾　真璃","34.332479","134.097223","香川県高松市春日町1176","087-843-8255","2014/9/9",,"○","○",,
"256","樋ノ上鍼灸院","ヒノウエシンキュウイン","河野　道廣","34.335573","134.049844","香川県高松市東田町5-1","087-831-2962","1973/4/3",,"○","○","○",
"257","ひのき治療院","ヒノキチリョウイン","藤澤　直人","34.298011","134.023222","香川県高松市成合町1820-1","080-9459-0818","2023/1/1",,"○","○",,
"258","ひばり治療院　高松施術所","ヒバリチリョウイン　タカマツセジュツショ","(株)Ｓａｎｔｅ","34.276144","133.964754","香川県高松市国分寺町福家甲1652-1","0120-753-854","2011/3/3","○","○","○",,
"259","一二三堂治療院","ヒフミドウチリョウイン","松井　秀幸","34.346331","134.037020","香川県高松市扇町一丁目25-51","087-821-5453","2008/4/29","○","○","○",,
"260","ひまわり鍼灸マッサージ院","ヒマワリシンキュウマッサージイン","太田　敏博","34.345787","134.038894","香川県高松市扇町1丁目24-13","090-1714-9156","2018/10/9","○","○","○",,
"261","ひまわり治療院","ヒマワリチリョウイン","寺西　義隆","34.269055","134.048517","香川県高松市仏生山町甲2857-3","087-880-6188","2019/1/30","○","○","○",,"○"
"262","美容鍼サロンnana","ビヨウシンサロン nana","山地　史朗","34.305571","133.985931","香川県高松市御厩町1173-18","080-3159-8007","2022/11/7",,"○","○",,
"263","ひらた鍼灸院","ヒラタシンキュウイン","平田　建介","34.342634","134.117341","香川県高松市高松町2286","087-841-1263","1996/5/1",,"○","○","○",
"264","ひろこ鍼灸治療院","ヒロコシンキュウチリョウイン","井神　裕子","34.332575","134.077152","香川県高松市木太町3160-9デュオ柚木-Ｄ","087-835-2551","2012/2/14",,"○","○",,
"265","廣瀬　敬二","ヒロセ　ケイジ","廣瀬　敬二","34.335067","134.070426","香川県高松市木太町2195-406","087-863-1251","2005/7/1","○","○","○",,"○"
"266","福井鍼灸院","フクイシンキュウイン","福井　勝美","34.238558","134.034912","香川県高松市香川町川東上1969-5","087-879-8730","1990/6/2","○","○","○",,
"267","福富鍼灸院","フクトミシンキュウイン","金川　雅朗","34.336071","134.106937","香川県高松市高松町10-1","087-843-1100","1982/9/8",,"○","○","○",
"268","福西　正寿","フクニシ　マサトシ","福西　正寿","34.331914","134.049829","香川県高松市栗林町2丁目6-22","087-833-3605","2018/10/23","○","○","○",,"○"
"269","藤澤鍼灸治療院","フジサワシンキュウチリョウイン","藤澤　正年","34.265006","134.039307","香川県高松市香川町浅野483-2","087-889-3167","1988/7/14",,"○","○",,
"270","藤澤鍼灸治療院","フジサワシンキュウチリョウイン","藤澤　哲夫","34.237236","134.034442","香川県高松市香川町川東上1989-3","087-879-4730","1964/7/15","○","○","○",,
"271","藤沢レディース鍼灸院","フジサワレディースシンキュウイン","藤澤　勢子","34.345682","134.056058","香川県高松市井口町1-1-301","087-823-0416","1999/7/8",,"○","○",,
"272","藤村　俊二","フジムラ　シュンジ","藤村　俊二","34.344653","134.060327","香川県高松市松福町一丁目3-18","087-823-4555","2005/5/23","○","○","○",,"○"
"273","藤原鍼灸院","フジワラシンキュウイン","(株)すまいるはぁと1","34.328960","134.049290","香川県高松市栗林町三丁目3-16","087-833-9582","2008/10/1",,"○","○","○",
"274","藤原鍼灸院","フジワラシンキュウイン","藤原　勇次郎","34.338385","134.102804","香川県高松市屋島西町1923-12","087-813-5818","2012/9/10","○","○","○",,
"275","仏生山鍼灸マッサージ院","ブッショウザンシンキュウマッサージイン","(株)AMプランニング","34.281031","134.056281","香川県高松市多肥上町1932-3","087-813-9881","2014/9/1","○","○","○",,"○"
"276","FeRNA.はり・きゅう院","FeRNA.ハリ・キュウイン","時岡 千明","34.319427","134.071735","香川県高松市木太町1236 栄ビル201","090-2898-3998","2024/7/29",,"○","○",,
"277","フレアス在宅マッサージ　高松（訪問主体）","フレアスザイタクマッサージタカマツ","（株）フレアス","34.326108","134.042999","香川県高松市室町1925-1","087-814-3301","2014/9/17","○","○","○",,"○"
"278","フレアス在宅マッサージ高松東施術所","フレアスザイタクマッサージタカマツヒガシセジュツショ","浅野　文恵","34.275472","134.106441","香川県高松市十川西町239-1 フロンティアハイツⅡＧ202","090-2327-7680","2024/3/21","○","○","○",,
"279","不破　昭人","フワ　アキヒト","不破　昭人","34.309136","134.042022","香川県高松市太田下町2255-17-202","090-4501-8555","2010/6/4",,"○","○",,"○"
"280","ヘルス　ケア　いこい","ヘルスケア イコイ","藤川　孝子","34.316330","134.024422","香川県高松市松並町794-3","087-868-2628","2019/5/1","○","○","○",,
"281","訪問マッサージ喜楽","ホウモンマッサージキラク","西村　英樹",,,"香川県高松市","0120-446-557","2021/3/31","○","○","○",,
"282","訪問マッサージKEiROW高松栗林ステーション","ホウモンマッサージKEiROWタカマツリツリンステーション","株式会社あい","34.325638","134.050082","香川県高松市花ノ宮町一丁目8-21　1階","087-802-5397","2021/9/1","○","○","○",,"○"
"283","訪問マッサージこころ高松事業所","ホウモンマッサージココロタカマツジギョウショ","山地　正史","34.281979","133.963278","香川県高松市国分寺町福家甲2919-31","0877-85-8518","2020/8/20","○","○","○",,
"284","訪問リハビリマッサージ　みらいケア","ホウモンリハビリマッサージ　ミライケア","溝淵　美幸","34.299753","134.046714","香川県高松市太田上町777-3","087-813-5588","2020/10/27","○","○","○",,"○"
"285","訪問リハビリマッサージ　みらいケア　高松西","ホウモンリハビリマッサージ　ミライケアタカマツニシ","溝淵　美幸","34.299753","134.046714","香川県高松市太田上町777-3","087-813-5588","2021/11/30","○","○","○",,
"286","訪問療養マッサージ　ふわり","ホウモンリョウヨウマッサージ　フワリ","株式会社　アクア","34.285647","134.090319","香川県高松市由良町402-1　クレイドルⅤ7号室","089-916-5100","2017/4/1","○","○","○",,
"287","ほっと鍼灸院","ホットシンキュウイン","久米　隆三","34.281467","133.997765","香川県高松市西山崎町444-12","0877-24ー4124","2007/1/30",,"○","○","○",
"288","堀治療院","ホリチリョウイン","堀　孝司","34.311406","134.084014","香川県高松市元山町971-2","087-865-7969","1980/4/13","○",,,,
"289","前川　美保","マエカワ　ミホ","前川　美保",,,"香川県高松市","090-6286-2127","2019/2/1","○","○","○",,
"290","ますだ鍼灸院","マスダシンキュウイン","増田　誠地","34.293549","134.046860","香川県高松市多肥上町227-4","087-880-2789","2015/10/31","○","○","○",,
"291","松家鍼灸院","マツカヒロキ","松家　弘起","34.288406","134.024179","香川県高松市一宮町718-3","087-885-2777","2012/1/16","○","○","○","○",
"292","マッサージハリ・きゅう結楽ゆいら","マッサージハリキュウケツラクユイラ","松原寿巳代","34.308298","134.051901","香川県高松市太田下町3002-2","070-5515-0500","2012/11/22","○","○","○",,
"293","マッサージ山下手療院","マッサージヤマシタシュリョウイン","山下　敏博","34.342087","134.071208","香川県高松市福岡町四丁目9-20","087-851-0614","2009/3/1","○","○","○",,
"294","マッサージ　レイス治療院高松西","マッサージ　レイスチリョウインタカマツニシ","(株)GLEE　AGENT","34.313393","134.001171","香川県高松市檀紙町2076-8","080-6282-3570","2019/11/12","○","○","○",,"○"
"295","松田鍼灸庵","マツダシンキュウアン","松田　利博","34.318987","134.049253","香川県高松市上之町二丁目17-28","087-867-8449","2000/5/2","○","○","○",,
"296","松原あん摩マッサージ治療院","マツバラアンママッサージチリョウイン","松原　由典","34.335633","134.069894","香川県高松市松島町三丁目15-13","087-861-5735","1991/5/15","○",,,,
"297","松本　武司","マツモト　タケシ","松本　武司","34.335624","134.069904","香川県高松市太田下町2666-1","090-6883-9671","2013/9/1",,"○","○",,
"298","松本はり灸マッサージ","マツモトハリキュウマッサージ","田村　尚子","34.338843","134.037754","香川県高松市宮脇町一丁目3-8","087-861-5026","2020/12/30","○","○","○","○",
"299","MANA 鍼灸治療院","MANA シンキュウチリョウイン","坂井　夕七","34.334531","134.133659","香川県高松市牟礼町大町2276-1","090-7579-2101","2024/7/29","○","○","○",,
"300","眞鍋　里香","マナベ　リカ","眞鍋　里香","34.338798","134.037743","香川県高松市鶴市町2049-1","090-5913-5949","2008/5/7",,"○","○",,"○"
"301","まゆみ接骨院","マユミセッコツイン","菊池　弘一朗","34.316407","134.062019","香川県高松市松縄町1052-1　ラコンテ2-B","087-887-8136","2017/8/2","○","○","○",,
"302","丸山あん摩指圧マッサージ治療院Calme","マルヤマアンマシアツマッサージチリョウインCalme","丸山　真樹","34.316380","134.062008","香川県高松市伏石町2140-11","087-865-0354","2018/7/2","○",,,,
"303","三木鍼灸マッサージ院","ミキシンキュウマッサージイン","三木　康彰","34.299141","134.051937","香川県高松市多肥下町1585-11","087-867-0762","1970/1/15",,"○","○","○",
"304","みき鍼灸接骨院","ミキシンキュウセッコツイン","三木　和行","34.387667","134.133841","香川県高松市庵治町1070-8","087-871-4882","2005/5/1",,"○","○","○",
"305","三木　光俊","ミキ　ミツトシ","三木　光俊",,,"香川県高松市浜ノ町","090-4308-2403","2020/11/23",,,,,"○"
"306","みさいはりきゅう院","ミサイハリキュウイン","岩倉　美彩","34.329669","134.047383","香川県高松市栗林町三丁目1-23","087-887-7183","2018/3/2",,"○","○",,
"307","三嶋鍼灸マッサージ治療院","ミシマシンキュウマッサージチリョウイン","三嶋　喜久代","34.289510","133.958085","香川県高松市国分寺町新名879-4","087-810-1785","2017/6/10","○","○","○",,
"308","水口鍼灸院","ミズグチシンキュウイン","水口　一豊","34.332536","134.047535","香川県高松市栗林町一丁目2-4","087-833-8734","1972/5/5","○","○","○",,
"309","水の音鍼灸院","ミズノオトシンキュウイン","岩部　紀孝","34.341575","134.066831","香川県高松市松福町二丁目10-10","087-821-7273","2003/8/2","○","○","○","○",
"310","みずほ鍼灸接骨院","ミズホ７シンキュウセッコツイン","今井　栄爾","34.276009","133.970156","香川県高松市国分寺町福家甲2332-3","087-805-1818","2014/3/27",,"○","○","○",
"311","三谷　隆子","ミタニ　タカコ","三谷　隆子","34.342339","134.097048","香川県高松市屋島西町1491-5","087-841-2824","2013/5/11","○","○",,,"○"
"312","みつばち鍼灸接骨院","ミツバチシンキュウセッコツイン","株式会社インテーク","34.347506","134.089525","香川県高松市屋島西町2492-19","080-4037-4603","2024/1/4",,"○","○",,
"313","みどり鍼灸整骨院","ミドリシンキュウセイコツイン","みのメディカル株式会社　代表取締役三野友之","34.308175","134.091664","香川県高松市東山崎町668-1","087-802-1111","2013/11/10",,"○","○","○",
"314","宮田指圧院","ミヤタシアツイン","宮田　澄男","34.307760","134.043068","香川県高松市太田下町2227-6","087-869-0479","1996/2/19","○",,,,
"315","宮西鍼灸院","ミヤニシシンキュウイン","宮西　明照","34.301462","133.990450","香川県高松市御厩町927-15","087-886-5870","2009/1/22",,"○","○",,
"316","宮本鍼灸院","ミヤモトシンキュウイン","宮本　修","34.277434","134.086632","香川県高松市川島本町203","087-848-0227","2018/10/1",,"○","○","○",
"317","三好指圧治療院","ミヨシシアツチリョウイン","三好　克己","34.277398","134.086621","香川県高松市伏石町1429-9","087-866-2091","1988/8/10","○",,,,
"318","みよし針灸マッサージ治療院","ミヨシシンキュウマッサージチリョウイン","三好　龍男","34.348156","134.042671","香川県高松市錦町2丁目3-36ドルフィン錦町410","087-822-6496","2020/2/26","○","○","○",,
"319","三好治療院","ミヨシチリョウイン","三好　良幸","34.346777","133.995996","香川県高松市香西西町169-18","087-882-6595","1990/4/7","○","○","○",,
"320","むれ はり・灸 中西治療院","ムレ　ハリキュウ　ナカニシチリョウイン","中西　慶","34.352699","134.124583","香川県高松市牟礼町牟礼2746-1","090-3785-8022","2019/7/1","○","○","○",,
"321","妻鹿　有志","メガ　ユウジ","妻鹿　有志","34.352690","134.124540","香川県高松市屋島西町823-3","087-844-4340","2004/3/8","○",,,,"○"
"322","元木治療院","モトキチリョウイン","元木　崇文","34.278110","134.066479","香川県高松市三谷町1240-19","087-888-5789","1997/4/21","○","○","○","○",
"323","本橋　亜基","モトハシ　アキ","本橋　亜基","34.273852","133.990444","香川県高松市岡本町1726","090-7143-7421","2017/6/1",,"○","○",,"○"
"324","森岡　直史","モリオカ　ナオフミ","森岡　直史","34.335261","134.047665","香川県高松市藤塚町1丁目2-8-102","080-6395-2405","2018/8/25",,"○","○",,"○"
"325","森　圭司","モリ　ケイジ","森　圭司","34.326116","134.066182","香川県高松市上福岡町941-18","087-861-1031","2018/8/11","○","○","○",,"○"
"326","もり鍼灸接骨院","モリシンキュウセッコツイン","森　裕","34.335113","134.011094","香川県高松市鶴市町974-3","087-881-0437","2006/6/2","○","○","○","○",
"327","森西物療院","モリニシブツリョウイン","森西　茂","34.249915","134.034935","香川県高松市香川町浅野1303-5","087-879-3073","1993/4/1","○","○","○",,
"328","森はりきゅう療院","モリハリキュウリョウイン","森　達雄","34.301999","133.990875","香川県高松市御厩町1293-11","087-885-0032","1970/4/15","○","○","○",,
"329","森本鍼灸院","モリモトシンキュウイン","森本　幸洋","34.337322","134.107884","香川県高松市高松町6-40","087-841-8548","1992/7/23",,"○","○",,
"330","薬師鍼灸室","ヤクシシンキュウシツ","野田　大澄","34.341176","133.961264","香川県高松市中山町1504-30","087-882-4022","2008/11/1","○","○","○",,
"331","八木治療院","ヤギチリョウイン","(有)ブレインシンフォニー","34.334315","134.080300","香川県高松市木太町2565-1","087-802-3034","2018/9/10","○","○","○",,"○"
"332","屋島鍼灸治療院","ヤシマシンキュウチリョウイン","中野　勝之","34.348626","134.101175","香川県高松市屋島西町1138-38","090-2891-1969","2011/10/6","○","○","○",,
"333","ヤシマ鍼灸院","ヤシマシンキュウイン","濱﨑　眞","34.350037","134.101099","香川県高松市高松町2373-2","087-843-9874","2018/10/11","○","○","○","○",
"334","やす鍼灸治療院","ヤス　シンキュウチリョウイン","細谷　康利","34.318660","134.080768","香川県高松市木太町4029-1","087-813-7863","2015/4/1",,"○","○",,
"335","やない鍼灸治療院","ヤナイ　シンキュウチリョウイン","柳井　ちひろ","34.239054","134.006743","香川県高松市香南町横井1038-1","070-5351-5612","2022/12/3",,"○","○",,
"336","矢野指圧治療院","ヤノシアツチリョウイン","矢野　武","34.333889","134.107102","香川県高松市高松町47-6","087-841-4950","1978/10/22","○","○","○",,
"337","やの治療院","ヤノ　チリョウイン","矢野　久代","34.336198","134.147307","香川県高松市牟礼町大町1359-1","087-845-6683","2011/10/1","○","○","○",,
"338","やまうち鍼灸院","ヤマウチシンキュウイン","山内　孝","34.337685","134.147650","香川県高松市牟礼町大町833-5","087-845-1940","2003/3/27",,"○","○",,
"339","山口整体療術院","ヤマグチセイタイリョウジュツイン","山口　功次郎","34.284066","134.096495","香川県高松市小村町247-21","087-848-6817","2017/12/1","○",,,,
"340","山口　圭介","ヤマグチ　ケイスケ","山口　圭介","34.343497","134.098941","香川県高松市屋島西町1755-4","087-843-3060","2008/4/7",,"○",,,"○"
"341","山口　孝","ヤマグチ　タカシ","山口　孝","34.258559","134.044018","香川県高松市香川町浅野2947-17","090-2929-6937","2019/3/5","○",,,,"○"
"342","山田　悠美子","ヤマダ　ユウミコ","山田　悠美子","34.302594","134.057160","香川県高松市多肥下町1521-4","090-6284-5306","2018/3/26",,"○","○",,
"343","山地鍼灸院","ヤマジシンキュウイン","山地　健吾","34.333139","134.060864","香川県高松市上福岡町1286-4","087-861-3921","1991/11/7","○","○","○",,
"344","山下鍼灸治療院","ヤマシタシンキュウシンキュウチリョウイン","山下　浩","34.313552","134.026196","香川県高松市松並町660-2","087-867-1416","1988/7/29","○","○","○","○",
"345","山下鍼・灸治療院","ヤマシタハリ・キュウチリョウイン","山下　文男","34.302378","134.082031","香川県高松市六条町1029","080-2991-5653","2007/5/24","○","○","○",,
"346","山室　武士","ヤマムロ　タケシ","山室　武士","34.341547","134.066343","香川県高松市松福町二丁目9-24-201","090-3337-7813","2014/8/15",,"○","○",,"○"
"347","山本　ひろみ","ヤマモト　ヒロミ","山本　ひろみ",,,"香川県高松市","090-8979-0110","2008/9/4","○","○","○",,"○"
"348","ゆう鍼灸整骨院","ユウシンキュウセイコツイン","樫　裕二","34.322253","134.074071","香川県高松市木太町1556-2","087-861-6000","2004/4/5",,"○","○","○",
"349","悠大針灸治療院","ユウダイハリキュウチリョウイン","山本　雄仁","34.323385","134.062581","香川県高松市今里町二丁目29-20","087-861-0861","2010/12/20",,"○","○",,
"350","柚友","ユズユウ","合同会社　柚友","34.353387","133.988466","香川県高松市植松町15-6","087-880-5014","2020/10/26",,"○","○",,
"351","弓田鍼灸院","ユミタシンキュウイン","(株)弓田鍼灸院","34.327264","134.046779","香川県高松市花ノ宮町一丁目12-3","087-837-6604","2015/9/8",,"○","○",,
"352","横井　恭平","ヨコイ　キョウヘイ","横井　恭平",,,"香川県高松市香南町西庄2230-2","080-1996-7481","2012/6/19",,"○","○",,"○"
"353","横田接骨院","ヨコタセッコツイン","横田　親徳","34.271721","134.021601","香川県高松市香川町大野2075-17","087-885-2622","1987/6/3",,"○","○","○",
"354","横山はり院","ヨコヤマハリイン","横山　豊","34.312384","134.024344","香川県高松市勅使町1285-1","087-866-1034","1976/6/8","○","○","○",,
"355","横山　博史","ヨコヤマ　ヒロシ","横山　博史",,,"香川県高松市西町","090-3615-2380","2020/10/24",,"○","○",,"○"
"356","吉井はり療院","ヨシイハリリョウイン","吉井　広彦　","34.288521","134.046850","香川県高松市出作町497-5","087-889-2826","1999/7/1","○","○","○",,
"357","吉鍼灸治療院","ヨシシンキュウチリョウイン","岡本　吉史","34.327576","134.046617","香川県高松市栗林町一丁目15-10","−−−−−","2006/6/2",,"○","○",,
"358","よしだ鍼灸整骨院","ヨシダシンキュウセイコツイン","吉田　将之","34.303532","134.090254","香川県高松市東山崎町87-1　DOLLIS101号","087-847-1271","2007/8/6",,"○","○","○",
"359","吉田はり灸治療院","ヨシダハリキュウチリョウイン","吉田　和修","34.324060","134.118320","香川県高松市高松町900","087-843-6455","2011/8/15","○","○","○",,
"360","吉本治療院","ヨシモトチリョウイン","吉本　勝美","34.332822","134.066311","香川県高松市上福岡町732-8","087-862-6838","2010/6/1","○",,,,
"361","よつば鍼灸院","ヨツバシンキュウイン","森　良樹","34.334273","134.083787","香川県高松市木太町2813-1","087-813-1854","2022/5/30","○","○","○",,
"362","楽らくあんま","ラクラク　アンマ","三谷　隆子","34.342224","134.097069","香川県高松市屋島西町1491-5","087-841-2824","2013/5/11","○","○",,,
"363","りく治療院","リク　チリョウイン","住田　隆則","34.237657","134.010989","香川県高松市香南町由佐1382-6","090-2468-8053","2017/11/11","○","○","○",,"○"
"364","栗林鍼灸整骨院","リツリンシンキュウセイコツイン","島　英治","34.332880","134.053606","香川県高松市藤塚町三丁目16-4","087-835-2933","2008/1/1",,"○","○","○",
"365","リハビリ治療院","リハビリチリョウイン","根津　武雄","34.332844","134.053617","香川県高松市三名町717-1","087-865-1588","1998/8/15","○","○","○",,
"366","竜治療院","リュウチリョウイン","公文　陵二","34.295339","134.037071","香川県高松市多肥上町195-2","090-4502-6661","2017/4/25","○","○","○",,
"367","良久庵鍼灸院","リョウキュウアン　シンキュウイン","株式会社EARCS 代表取締役 中川郁也","34.282079","134.047302","香川県高松市仏生山町505-6","080-6319-9744","2024/5/27",,"○","○",,
"368","ロコモK.O鍼灸院","ロコモコシンキュウイン","株式会社たかせんテレコム","34.276030","134.102505","香川県高松市十川西町359-1","087-848-6511","2021/9/16","○","○","○",,
"369","渡邉あんま・マッサージ治療院","ワタナベアンマ・マッサージチリョウイン","渡邉　裕介","34.321486","134.006141","香川県高松市飯田町1233-12","090-4504-8817","2017/10/1","○","○","○",,
"370","渡辺　定","ワタナベ　サダ","渡辺　定","34.246350","133.990694","香川県高松市香南町西庄396-8","090-1004-1237","2018/2/1","○",,,,"○"
"371","渡邊　康次","ワタナベ　ヤスツギ","渡邊　康次","34.343612","134.050588","香川県高松市御坊町10-3","090-1015-0488","2022/7/22","○","○","○",,"○"
"372","和田　哲治","ワダ　テツジ","和田　哲治","34.305355","134.039934","香川県高松市太田下町2084-3　デュオ太田C棟","090-4500-5928","2016/11/1","○","○","○",,"○"
