"#property","latitude","longitude","name","address","telephoneNumber","flood_L1","flood_L2","inundation","sedimentDisaster","stormSurge","tunami","fire","earthquake","evacuationSpace","jurisdiction","elevation","capacity","residentsAssociation"
"1","34.34753333","134.0300392","日新小学校跡施設","高松市瀬戸内町18-2","087-839-2611","○","△","○","○","△","△","○","○","○","地域振興課","1.7","238","日新地区コミュニティ協議会"
"2","34.34583944","134.0409936","新番丁小学校","高松市錦町2-14-1","087-851-1316","○","△","○","○","△","△","○","○","○","教育総務課","2.9","429","二番丁地区コミュニティ協議会"
"3","34.34377306","134.0457989","四番丁小学校跡施設","高松市番町1-5-1","087-823-2714","○","○","○","○","△","○","○","○","○","埋蔵文化財センター","2.5","315","四番丁コミュニティ協議会"
"4","34.33752361","134.0398942","亀阜小学校","高松市亀岡町10-1","087-861-2013","○","○","○","○","△","○","○","○","○","教育総務課","4.1","351","亀阜校区コミュニティ協議会"
"5","34.33083306","134.0501211","栗林小学校","高松市栗林町2-10-7","087-861-3438","○","○","○","○","○","○","○","○","○","教育総務課","6.2","429","栗林校区コミュニティ協議会"
"6","34.33344111","134.0578536","花園小学校","高松市花園町2-7-7","087-831-9129","○","○","○","○","△","○","○","○","○","教育総務課","2.5","310","花園地区コミュニティ協議会"
"7","34.34125139","134.0568147","築地小学校跡施設","高松市築地町14-1","087-839-2611","○","○","△","○","△","△","○","○","○","地域振興課","1.6","279","築地地区コミュニティ協議会"
"8","34.34375389","134.0561619","総合教育センター","高松市末広町5","087-811-2161","○","○","○","○","△","△","○","○","○","総合教育センター","2","310","新塩屋町地区コミュニティ協議会"
"9","34.31556472","134.0285347","鶴尾小学校","高松市松並町636-1","087-867-2564","○","△","△","○","○","○","○","○","○","教育総務課","16.3","306","鶴尾校区コミュニティ協議会"
"10","34.31229917","134.0517133","太田小学校","高松市伏石町845-1","087-865-4433","○","○","○","○","○","○","○","○","○","教育総務課","13.2","393","太田地区コミュニティ協議会"
"11","34.30652444","134.0441864","太田南小学校","高松市太田下町1823-1","087-865-9395","○","○","○","○","○","○","○","○","○","教育総務課","19.9","393","太田南地区コミュニティ協議会"
"12","34.32068722","134.0616456","中央小学校","高松市松縄町1138","087-866-2938","○","○","○","○","○","○","○","○","○","教育総務課","9.8","306","太田地区コミュニティ協議会"
"13","34.32505639","134.0764856","木太小学校","高松市木太町3480-1","087-861-6337","○","△","○","○","△","△","○","○","○","教育総務課","1.7","324","木太地区コミュニティ協議会"
"14","34.33625528","134.0804378","木太北部小学校","高松市木太町2613","087-831-4150","○","△","○","○","△","△","○","○","○","教育総務課","1","274","木太地区コミュニティ協議会"
"15","34.32080417","134.0747194","木太南小学校","高松市木太町1530-1","087-866-7295","○","△","○","○","△","○","○","○","○","教育総務課","3.2","324","木太地区コミュニティ協議会"
"16","34.33228972","134.1067744","古高松小学校","高松市高松町398","087-841-9204","○","△","○","○","○","○","○","○","○","教育総務課","4.1","314","古高松地区コミュニティ協議会"
"17","34.32686222","134.0986419","古高松南小学校","高松市新田町甲2605","087-843-2467","○","△","○","○","△","○","○","○","○","教育総務課","3.3","277","古高松地区コミュニティ協議会"
"18","34.347035","134.0996331","屋島小学校","高松市屋島西町1205-1","087-841-1538","○","○","△","×","○","○","○","○","○","教育総務課","16.4","405","屋島地区コミュニティ協議会"
"19","34.350915","134.0906531","屋島西小学校","高松市屋島西町2469","087-841-1063","○","△","○","○","△","○","○","○","○","教育総務課","2.7","396","屋島地区コミュニティ協議会"
"20","34.3537625","134.1159869","屋島東小学校","高松市屋島東町942-1","087-843-8402","○","○","○","○","△","△","○","○","○","教育総務課","2.5","247","屋島地区コミュニティ協議会"
"21","34.29588","134.1130194","前田小学校","高松市前田東町819-3","087-847-6562","△","△","△","○","○","○","○","○","○","教育総務課","13.3","315","前田校区コミュニティ協議会"
"22","34.30559528","134.0928319","川添小学校","高松市東山崎町207-1","087-847-6055","○","△","△","○","○","○","○","○","○","教育総務課","7.8","396","川添地区コミュニティ協議会"
"23","34.30118417","134.0701647","林小学校","高松市林町1108-1","087-865-6250","○","○","○","○","○","○","○","○","○","教育総務課","13.8","315","林地区コミュニティ協議会"
"24","34.27360944","134.0686047","三渓小学校","高松市三谷町2173-1","087-889-0767","○","○","○","○","○","○","○","○","○","教育総務課","28.4","234","三谷地区コミュニティ協議会"
"25","34.27413944","134.0476369","仏生山小学校","高松市仏生山町甲2461","087-889-0549","○","○","○","○","○","○","○","○","○","教育総務課","41.2","405","仏生山地区コミュニティ協議会"
"26","34.29231528","134.0530028","多肥小学校","高松市多肥上町902-2","087-889-0537","○","○","○","○","○","○","○","○","○","教育総務課","25.2","315","多肥地区コミュニティ協議会"
"27","34.29075917","134.0244386","一宮小学校","高松市一宮町672-1","087-885-1764","○","△","○","○","○","○","○","○","○","教育総務課","33.5","405","一宮地区コミュニティ協議会"
"28","34.28495667","134.0045239","円座小学校","高松市円座町1630-2","087-885-2542","○","△","△","○","○","○","○","○","○","教育総務課","38","301","円座校区コミュニティ協議会"
"29","34.26712278","134.0069853","川岡小学校","高松市川部町1552","087-885-1253","○","○","△","○","○","○","○","○","○","教育総務課","53.4","315","川岡校区コミュニティ協議会"
"30","34.30011306","133.9938161","檀紙小学校","高松市御厩町816","087-885-1715","○","○","△","○","○","○","○","○","○","教育総務課","26","405","檀紙地区コミュニティ協議会"
"31","34.32895444","134.0047975","弦打小学校","高松市鶴市町374-1","087-881-3523","△","△","○","○","○","○","○","○","○","教育総務課","7.1","405","弦打校区コミュニティ協議会"
"32","34.32669889","133.9880378","鬼無小学校","高松市鬼無町佐藤607-1","087-881-2413","○","○","○","○","○","○","○","○","○","教育総務課","21.9","315","鬼無地区コミュニティ協議会"
"33","34.34546083","133.9979003","香西小学校","高松市香西南町703-1","087-881-3214","○","△","△","○","△","△","○","○","○","教育総務課","2.3","464","香西地区コミュニティ協議会"
"34","34.35779194","133.9682719","下笠居小学校","高松市生島町345","087-881-3011","○","○","○","○","○","○","○","○","○","教育総務課","25.4","315","下笠居地区コミュニティ協議会"
"35","34.39200944","134.0534967","女木小学校","高松市女木町236-2","087-839-2611","○","○","○","○","△","○","○","△","○","教育総務課","5.3","245","女木地区コミュニティ協議会"
"36","34.42010361","134.0568233","男木小・中学校","高松市男木町165","087-873-0506","○","○","○","△","○","○","○","○","○","教育総務課","12.6","245","男木地区コミュニティ協議会"
"37","34.27599278","134.0888611","川島小学校","高松市川島東町864-1","087-848-0050","○","△","△","○","○","○","○","○","○","教育総務課","21.3","315","川島校区コミュニティ協議会"
"38","34.27514056","134.1026961","十河小学校","高松市十川西町366-5","087-848-0319","○","○","○","○","○","○","○","○","○","教育総務課","18.1","315","十河校区コミュニティ協議会"
"39","34.23884139","134.0788883","植田小学校","高松市西植田町2337","087-849-0103","○","○","○","×","○","○","○","○","○","教育総務課","45.8","229","植田校区コミュニティ協議会"
"40","34.23871667","134.0976256","東植田小学校","高松市東植田町2008","087-849-0062","○","○","○","○","○","○","○","○","○","教育総務課","50.7","245","東植田校区コミュニティ協議会"
"41","34.19368583","134.0980714","東植田小学校菅沢分校","高松市菅沢町339","087-839-2611","○","○","○","○","○","○","○","○","○","教育総務課","323","168","東植田校区コミュニティ協議会"
"42","34.32629472","134.0529072","桜町中学校","高松市桜町2-12-4","087-861-1668","○","△","○","○","○","○","○","○","○","教育総務課","6.2","390","栗林校区コミュニティ協議会"
"43","34.3410425","134.0340722","紫雲中学校","高松市紫雲町8-25","087-861-7144","○","△","△","○","△","△","○","○","○","教育総務課","2.1","477","亀阜校区コミュニティ協議会"
"44","34.33427194","134.0664836","玉藻中学校","高松市上福岡町714-1","087-861-8196","○","△","○","○","△","△","○","○","○","教育総務課","1.6","495","花園地区コミュニティ協議会"
"45","34.33868806","134.0621697","高松第一学園（高松第一小・中学校）","高松市松島町2-14-5","087-832-0311","○","○","△","○","△","△","○","○","○","教育総務課","3.1","721","松島地区コミュニティ協議会"
"46","34.31513694","134.0263933","鶴尾中学校跡施設","高松市松並町639-1","087-867-3382","○","△","○","○","○","○","○","○","○","教育総務課","17.1","375","鶴尾校区コミュニティ協議会"
"47","34.34105528","134.1048883","屋島中学校","高松市屋島中町295","087-841-2236","○","△","△","○","△","△","○","○","○","教育総務課","1.8","362","屋島地区コミュニティ協議会"
"48","34.30690056","134.0857578","協和中学校","高松市元山町88-2","087-867-5937","○","△","○","○","○","○","○","○","○","教育総務課","7.6","366","川添地区コミュニティ協議会"
"49","34.28317167","134.0508503","龍雲中学校","高松市出作町331-2","087-889-0131","○","○","○","○","○","○","○","○","○","教育総務課","32","354","多肥地区コミュニティ協議会"
"50","34.34179167","133.9992808","勝賀中学校","高松市香西南町565","087-881-3141","○","△","△","○","△","○","○","○","○","教育総務課","2.6","360","香西地区コミュニティ協議会"
"51","34.29222583","134.0251275","一宮中学校","高松市一宮町1185-1","087-885-1664","○","△","○","○","○","○","○","○","○","教育総務課","32.3","396","一宮地区コミュニティ協議会"
"52","34.29535556","134.0088203","香東中学校","高松市円座町771","087-886-6580","○","△","○","○","○","○","○","○","○","教育総務課","30.3","354","円座校区コミュニティ協議会"
"53","34.35771139","133.9666417","下笠居中学校","高松市生島町372-1","087-881-2621","○","○","○","○","○","○","○","○","○","教育総務課","32","396","下笠居地区コミュニティ協議会"
"54","34.26812167","134.0928528","山田中学校","高松市川島東町1257-1","087-848-0071","○","○","○","○","○","○","○","○","○","教育総務課","25.4","362","川島校区コミュニティ協議会"
"55","34.30634139","134.0459778","太田中学校","高松市太田下町1800","087-866-1370","○","○","○","○","○","○","○","○","○","教育総務課","18.9","439","太田南地区コミュニティ協議会"
"56","34.33263944","134.1030886","古高松中学校","高松市新田町甲190-1","087-841-1577","○","△","△","○","△","○","○","○","○","教育総務課","2.5","345","古高松地区コミュニティ協議会"
"57","34.31392","134.06739","木太中学校","高松市木太町5059-3","087-866-5588","○","○","○","○","○","○","○","○","○","教育総務課","5.8","345","木太地区コミュニティ協議会"
"58","34.29923639","134.0332708","香川大学附属中学校（体育館）","高松市鹿角町394","087-886-2121","○","△","○","○","○","○","×","○","○","香川大学","26.1","370","一宮地区コミュニティ協議会"
"59","34.32800556","134.0525489","高松第一高校","高松市桜町2-5-10","087-861-0244","○","△","○","○","○","○","○","○","○","高松第一高校","5.2","953","栗林校区コミュニティ協議会"
"60","34.285377","134.023029","高松南高等学校（体育館）","高松市一宮町531","087-885-1131","○","△","○","○","○","○","×","○","○","県高校教育課","37.5","600","一宮地区コミュニティ協議会"
"61","34.29496222","134.0562022","高松桜井高等学校（体育館）","高松市多肥上町1250","087-869-1010","○","○","○","○","○","○","×","○","○","県高校教育課","23.2","760","多肥地区コミュニティ協議会"
"62","34.3475725","134.0324556","日新コミュニティセンター","高松市瀬戸内町22-9","087-834-9911","○","△","○","○","△","△","×","○","○","地域振興課","1.8","101","日新地区コミュニティ協議会"
"63","34.34451167","134.0365081","二番丁コミュニティセンター","高松市扇町2-8-7","087-822-3556","○","△","○","○","△","△","×","○","○","地域振興課","1.5","93","二番丁地区コミュニティ協議会"
"64","34.34355083","134.0448878","四番丁コミュニティセンター","高松市番町二丁目３−５","087-851-8479","○","○","○","○","△","○","×","○","○","地域振興課","2.8","94","四番丁コミュニティ協議会"
"65","34.33958444","134.0352917","亀阜コミュニティセンター","高松市宮脇町1-6-18","087-834-0797","○","△","△","○","△","○","×","○","○","地域振興課","2.5","111","亀阜校区コミュニティ協議会"
"66","34.32886944","134.0479992","栗林コミュニティセンター","高松市栗林町3-2-12","087-835-5399","○","○","○","○","○","○","×","○","○","地域振興課","7.7","86","栗林校区コミュニティ協議会"
"67","34.33607972","134.0568619","花園コミュニティセンター","高松市観光通2-8-9","087-835-5398","○","○","○","○","△","○","×","○","○","地域振興課","1.7","112","花園地区コミュニティ協議会"
"68","34.34022667","134.0650278","松島コミュニティセンター","高松市松福町2-15-24","087-821-0435","○","○","△","○","△","△","×","○","○","地域振興課","1.5","123","松島地区コミュニティ協議会"
"69","34.34125139","134.0568147","築地コミュニティセンター","高松市築地町14-1","087-862-1166","○","○","△","○","△","△","×","○","○","地域振興課","1.6","122","築地地区コミュニティ協議会"
"70","34.34741472","134.0559561","新塩屋町コミュニティセンター","高松市城東町1-1-47","087-822-1066","○","○","○","○","△","△","×","○","○","地域振興課","2.2","95","新塩屋町地区コミュニティ協議会"
"71","34.31382333","134.0302289","鶴尾コミュニティセンター","高松市田村町303-1","087-866-3176","○","○","○","○","○","○","×","○","○","地域振興課","18.4","84","鶴尾校区コミュニティ協議会"
"72","34.318641","134.054399","太田コミュニティセンター","高松市伏石町2016-37","087-867-1139","○","○","○","○","○","○","×","○","○","地域振興課","8.8","100","太田地区コミュニティ協議会"
"73","34.30185833","134.0412811","太田南コミュニティセンター","高松市太田上町1045-2","087-865-9947","○","○","○","○","○","○","×","○","○","地域振興課","23.1","81","太田南地区コミュニティ協議会"
"74","34.31384917","134.0640483","太田中央コミュニティセンター","高松市松縄町1108-1","087-867-3396","○","○","○","○","○","○","×","○","○","地域振興課","8.4","81","太田地区コミュニティ協議会"
"75","34.326186","134.076753","木太コミュニティセンター","高松市木太町3480-2","087-834-5547","○","△","○","○","△","△","×","○","○","地域振興課","20.6","104","木太地区コミュニティ協議会"
"76","34.33559694","134.0794433","木太北部コミュニティセンター","高松市木太町2603","087-831-9000","○","△","○","○","△","△","×","○","○","地域振興課","1","71","木太地区コミュニティ協議会"
"77","34.31924611","134.0761803","木太南コミュニティセンター","高松市木太町1486","087-865-4273","○","△","○","○","△","○","×","○","○","地域振興課","3","74","木太地区コミュニティ協議会"
"78","34.33566417","134.1075131","古高松コミュニティセンター","高松市高松町10-20","087-841-6262","○","×","×","○","×","○","×","○","○","地域振興課","2.9","90","古高松地区コミュニティ協議会"
"79","34.32697333","134.0917119","古高松南コミュニティセンター","高松市春日町782-2","087-841-2186","○","×","○","○","△","△","×","○","○","地域振興課","2.4","69","古高松地区コミュニティ協議会"
"80","34.34371056","134.1012994","屋島コミュニティセンター","高松市屋島中町449-1","087-841-6927","○","△","△","○","△","○","×","○","○","地域振興課","2.2","61","屋島地区コミュニティ協議会"
"81","34.35227583","134.0891614","屋島西コミュニティセンター","高松市屋島西町2483-2","087-843-2961","○","△","○","○","△","○","×","○","○","地域振興課","3","80","屋島地区コミュニティ協議会"
"82","34.35496778","134.1159172","屋島東コミュニティセンター","高松市屋島東町928","087-841-9931","○","○","○","○","○","○","×","○","○","地域振興課","10.5","75","屋島地区コミュニティ協議会"
"83","34.29657722","134.1125944","前田コミュニティセンター","高松市前田東町838","087-847-6168","○","○","△","○","○","○","×","○","○","地域振興課","13.5","77","前田校区コミュニティ協議会"
"84","34.30697278","134.0894683","川添コミュニティセンター","高松市元山町136-4","087-847-5979","○","△","△","○","○","○","×","○","○","地域振興課","8.6","118","川添地区コミュニティ協議会"
"85","34.29767","134.07622","林コミュニティセンター","高松市林町329-1","087-866-3405","○","○","○","○","○","○","×","○","○","地域振興課","13.2","113","林地区コミュニティ協議会"
"86","34.27796722","134.0694572","三谷コミュニティセンター","高松市三谷町1201-1","087-889-4938","○","○","○","○","○","○","×","○","○","地域振興課","26","143","三谷地区コミュニティ協議会"
"87","34.27850556","134.0478453","仏生山コミュニティセンター","高松市仏生山町乙45-4","087-889-4955","○","○","○","○","○","○","×","○","○","地域振興課","36.6","121","仏生山地区コミュニティ協議会"
"88","34.29044611","134.0514667","多肥コミュニティセンター","高松市多肥上町433-5","087-889-4956","○","○","○","○","○","○","×","○","○","地域振興課","26.9","89","多肥地区コミュニティ協議会"
"89","34.29067333","134.0289356","一宮コミュニティセンター","高松市一宮町838-1","087-886-4793","○","△","○","○","○","○","×","○","○","地域振興課","33.9","153","一宮地区コミュニティ協議会"
"90","34.28543722","134.0054711","円座コミュニティセンター","高松市円座町1622-1","087-886-4993","○","△","○","○","○","○","×","○","○","地域振興課","38.1","90","円座校区コミュニティ協議会"
"91","34.269316","134.009945","川岡コミュニティセンター","高松市川部町486-3","087-886-4963","○","△","○","○","○","○","×","○","○","地域振興課","52.5","130","川岡校区コミュニティ協議会"
"92","34.30092139","133.9946686","檀紙コミュニティセンター","高松市御厩町775-1","087-886-4955","○","△","○","○","○","○","×","○","○","地域振興課","24.1","99","檀紙地区コミュニティ協議会"
"93","34.32894333","134.0057142","弦打コミュニティセンター","高松市鶴市町356-3","087-882-0285","△","△","○","○","○","○","×","○","○","地域振興課","7.1","131","弦打校区コミュニティ協議会"
"94","34.32707667","133.9932431","鬼無コミュニティセンター","高松市鬼無町佐藤31-3","087-882-0875","○","○","○","○","○","○","×","○","○","地域振興課","12.8","127","鬼無地区コミュニティ協議会"
"95","34.34682444","133.99622","香西コミュニティセンター","高松市香西本町476-1","087-882-0294","○","○","○","○","△","○","×","○","○","地域振興課","3.6","130","香西地区コミュニティ協議会"
"96","34.35870861","133.9687664","下笠居コミュニティセンター","高松市生島町353-1","087-882-0856","○","○","○","○","○","○","×","○","○","地域振興課","24.2","230","下笠居地区コミュニティ協議会"
"97","34.39210389","134.0517525","女木コミュニティセンター","高松市女木町203-1","087-873-0105","○","○","○","○","○","○","×","○","○","地域振興課","7.7","61","女木地区コミュニティ協議会"
"98","34.422622","134.054127","男木コミュニティセンター","高松市男木町1988","087-873-0002","○","○","○","○","×","○","×","○","○","地域振興課","2.4","62","男木地区コミュニティ協議会"
"99","34.27605389","134.0852364","川島コミュニティセンター","高松市川島本町191-2","087-848-0054","○","○","○","○","○","○","×","○","○","地域振興課","21.2","123","川島校区コミュニティ協議会"
"100","34.24028","134.0788269","西植田コミュニティセンター","高松市西植田町2247-1","087-849-0101","○","○","○","○","○","○","×","○","○","地域振興課","41.8","73","植田校区コミュニティ協議会"
"101","34.23821417","134.0990447","東植田コミュニティセンター","高松市東植田町1825-1","087-849-0104","○","○","○","○","○","○","×","○","○","地域振興課","51.8","92","東植田校区コミュニティ協議会"
"102","34.34605","134.1427625","高松北高等（中）学校（体育館）","高松市牟礼町牟礼1583-1","087-845-2155","○","○","○","△","○","○","×","○","○","県高校教育課","42.2","550","むれコミュニティ協議会"
"103","34.33900083","134.1432822","牟礼中学校","高松市牟礼町牟礼46-2","087-845-9604","○","○","○","△","○","○","○","○","○","教育総務課","31.8","452","むれコミュニティ協議会"
"104","34.33782306","134.1391408","牟礼コミュニティセンター","高松市牟礼町牟礼302-1","087-845-4111","○","○","○","○","○","○","×","○","○","地域振興課","14.8","149","むれコミュニティ協議会"
"105","34.34252806","134.1430653","牟礼総合体育館","高松市牟礼町牟礼152-10","087-845-7060","○","○","○","×","○","○","×","○","○","スポーツ振興課","37.9","1100","むれコミュニティ協議会"
"106","34.35012694","134.1260667","牟礼北小学校","高松市牟礼町牟礼2900-1","087-845-5742","○","○","○","○","○","○","○","○","○","教育総務課","12.6","318","むれコミュニティ協議会"
"107","34.33645944","134.1415239","牟礼小学校","高松市牟礼町大町1560","087-845-9239","○","○","○","○","○","○","○","○","○","教育総務課","15.1","348","むれコミュニティ協議会"
"108","34.32021139","134.1508181","牟礼中央公園運動センター","高松市牟礼町原1019-8","087-845-1563","○","○","○","○","○","○","○","○","○","スポーツ振興課","27.6","360","むれコミュニティ協議会"
"109","34.33318222","134.1527286","牟礼南小学校","高松市牟礼町大町1115-1","087-845-9324","○","○","○","○","○","○","○","○","○","教育総務課","13.3","261","むれコミュニティ協議会"
"110","34.32863278","134.1559619","はらこども園","高松市牟礼町原570-1","087-845-0234","○","○","○","○","○","○","×","○",,"こども園運営課","7.4","60","むれコミュニティ協議会"
"111","34.33609278","134.1427294","大町コミュニティセンター","高松市牟礼町大町1463-2","087-870-1306","○","○","○","○","○","○","×","○","○","地域振興課","13.6","121","むれコミュニティ協議会"
"112","34.32183361","134.1581675","香川県立保健医療大学（体育館）","高松市牟礼町原281-1","087-870-1212","○","○","○","○","○","○","×","○","○","県立保健医療大学","21.5","420","むれコミュニティ協議会"
"113","34.36844139","134.1206581","深間ふれあいセンター","高松市庵治町6391-17","-","○","○","○","×","○","○","×","○",,"牟礼総合センター","3.2","87","庵治地区コミュニティ協議会"
"114","34.38324278","134.1307706","庵治中学校","高松市庵治町691-1","087-871-2716","○","○","○","○","△","○","○","○","○","教育総務課","2.7","441","庵治地区コミュニティ協議会"
"115","34.3844425","134.1318539","庵治小学校","高松市庵治町790-1","087-871-2581","○","○","○","○","△","○","○","○","○","教育総務課","2.1","243","庵治地区コミュニティ協議会"
"116","34.3853175","134.1299483","庵治コミュニティセンター・庵治武道館","高松市庵治町888-1","087-871-4162","○","○","○","○","△","○","×","○","○","地域振興課","3.3","226","庵治地区コミュニティ協議会"
"117","34.38540639","134.1303761","庵治小学校第二体育館","高松市庵治町866-4","087-871-2581","○","○","○","○","△","○","×","○","○","教育総務課","3.1","387","庵治地区コミュニティ協議会"
"118","34.38297056","134.1271211","庵治やすらぎ会館","高松市庵治町6392-14","087-871-5111","○","○","○","○","△","○","×","○",,"牟礼総合センター","2.7","98","庵治地区コミュニティ協議会"
"119","34.39073917","134.1361589","庵治斎場","高松市庵治町1391","087-871-2539","○","○","○","○","○","○","×","○",,"市民やすらぎ課","36.2","80","庵治地区コミュニティ協議会"
"120","34.40445917","134.1057028","庵治第二小学校","高松市庵治町6034-1","087-871-5110","-","-","-","-","-","-","-","-","○","教育総務課","2.7","182","庵治地区コミュニティ協議会"
"121","34.26717583","134.0246644","大野コミュニティセンター","高松市香川町大野1329-1","087-886-1960","○","○","○","○","○","○","×","○","○","地域振興課","56.5","108","大野校区コミュニティ協議会"
"122","34.26665917","134.0264864","大野小学校","高松市香川町大野1045-1","087-885-2165","○","○","○","○","○","○","○","○","○","教育総務課","57","336","大野校区コミュニティ協議会"
"123","34.25967139","134.0417464","浅野小学校","高松市香川町浅野3088","087-889-0215","○","○","○","△","○","○","○","○","○","教育総務課","74.9","336","浅野校区コミュニティ協議会"
"124","34.25664111","134.0356803","浅野コミュニティセンター","高松市香川町浅野826-2","087-888-2537","○","○","○","○","○","○","×","○","○","地域振興課","64.6","93","浅野校区コミュニティ協議会"
"125","34.25499944","134.0279422","香川総合体育館","高松市香川町川東下1917-1","087-879-8000","○","○","○","○","○","○","×","○","○","スポーツ振興課","68.8","1136","川東校区コミュニティ協議会"
"126","34.24133444","134.0339783","川東コミュニティセンター","高松市香川町川東上1865-13","087-879-4215","○","○","○","○","○","○","×","○","○","地域振興課","87.1","315","川東校区コミュニティ協議会"
"127","34.24127611","134.0357531","川東小学校","高松市香川町川東上1865-8","087-879-2012","○","○","○","○","○","○","○","○","○","教育総務課","87.1","336","川東校区コミュニティ協議会"
"128","34.22676417","134.0377644","香川町グリーンセンター","高松市香川町川東上604-85","087-879-5597","○","○","○","×","○","○","×","○",,"香川総合センター","133.8","200","川東校区コミュニティ協議会"
"129","34.21197667","134.0313683","香川町多目的研修集会施設","高松市香川町安原下第３号194-1","087-879-7153","○","○","○","×","○","○","×","○",,"農林水産課","118","179","川東校区コミュニティ協議会"
"130","34.21657389","134.0504692","香川町高齢者活動促進センター","高松市香川町東谷159-1","087-879-7310","○","○","△","○","○","○","×","○",,"農林水産課","139.5","56","川東校区コミュニティ協議会"
"131","34.20461444","134.0616769","東谷コミュニティセンター","高松市香川町東谷873-3","087-879-7997","○","○","△","×","○","○","×","○","○","地域振興課","179.3","31","川東校区コミュニティ協議会"
"132","34.24104222","134.0091222","香南小学校","高松市香南町横井1008","087-879-2269","○","○","○","○","○","○","○","○","○","教育総務課","93","285","香南地区コミュニティ協議会"
"133","34.24334472","134.0085636","香南中学校","高松市香南町横井801","087-879-2064","○","○","○","○","○","○","○","○","○","教育総務課","89.1","485","香南地区コミュニティ協議会"
"134","34.23997","134.01318","香南コミュニティセンター","高松市香南町由佐1167","087-879-8993","○","○","○","○","○","○","×","○","○","地域振興課","82.1","141","香南地区コミュニティ協議会"
"135","34.24024556","134.0188992","由佐農村環境改善センター","高松市香南町由佐357-2","087-879-0115","○","○","○","○","○","○","×","○","○","農林水産課","83.3","150","香南地区コミュニティ協議会"
"136","34.245175","134.0003533","池西農村環境改善センター","高松市香南町池内522-1","087-879-3788","○","○","○","○","○","○","×","○","○","農林水産課","84.3","165","香南地区コミュニティ協議会"
"137","34.1963675","134.0415594","塩江コミュニティセンター","高松市塩江町安原下第２号1645","087-897-0137","○","○","○","×","○","○","×","○","○","地域振興課","139.4","189","塩江地区コミュニティ協議会"
"138","34.19820889","134.0404067","安原小学校跡施設","高松市塩江町安原下第２号1684","087-839-2611","○","○","○","×","○","○","○","○","○","地域振興課","137","225","塩江地区コミュニティ協議会"
"139","34.15596056","134.0246372","安原小学校　戸石分校跡施設","高松市塩江町安原下第２号857","087-839-2611","○","○","○","×","○","○","×","○",,"教育総務課","379",,"塩江地区コミュニティ協議会"
"140","34.1697325","134.0828067","塩江支所　塩江連絡事務所","高松市塩江町安原上東３９４番地の２","087-893-0220","○","○","○","△","○","○","×","○",,"香川総合センター","206","24","塩江地区コミュニティ協議会"
"141","34.17048806","134.0833094","塩江小学校跡施設","高松市塩江町安原上東365","087-839-2611","○","○","○","×","○","○","○","○","○","地域振興課","215","20","塩江地区コミュニティ協議会"
"142","34.15379861","134.1011917","椛川集会所","高松市塩江町安原上東字椛川2173-8","087-839-2184","○","○","○","○","○","○","×","○",,"法人　椛川地域","265","49","塩江地区コミュニティ協議会"
"143","34.18143389","134.0742211","塩江小・中学校","高松市塩江町安原上231","087-893-0032","○","○","△","○","○","○","○","○","○","教育総務課","175","897","塩江地区コミュニティ協議会"
"144","34.15046528","134.0766078","塩江支所　上西連絡事務所","高松市塩江町上西乙549","087-893-0311","○","○","○","○","○","○","×","○",,"香川総合センター","276","16","塩江地区コミュニティ協議会"
"145","34.15226222","134.0763606","上西小学校跡施設","高松市塩江町上西乙461","087-839-2611","○","○","○","○","○","○","○","○","○","地域振興課","266","143","塩江地区コミュニティ協議会"
"146","34.12607917","134.0737283","西山ふれあいセンター","高松市塩江町上西甲９４７番地３","087-893-0192","○","○","○","×","○","○","×","○",,"香川総合センター","392","38","塩江地区コミュニティ協議会"
"147","34.29691","133.9643214","国分寺中学校","高松市国分寺町新居1131-1","087-874-0031","○","△","△","○","○","○","○","○","○","教育総務課","23.5","297","国分寺北部校区コミュニティ協議会"
"148","34.30594222","133.9631825","国分寺北部小学校","高松市国分寺町新居1880","087-874-1154","○","○","○","○","○","○","○","○","○","教育総務課","26.5","383","国分寺北部校区コミュニティ協議会"
"149","34.30537556","133.9623436","国分寺北部コミュニティセンター","高松市国分寺町新居1840-6","087-874-5805","○","○","○","○","○","○","×","○","○","地域振興課","26","294","国分寺北部校区コミュニティ協議会"
"150","34.29734611","133.9659881","国分寺中学校第二体育館","高松市国分寺町新居1155-7","087-874-4560","○","△","△","○","○","○","×","○","○","教育総務課","23.6","380","国分寺北部校区コミュニティ協議会"
"151","34.30795889","133.9718122","新居東児童館","高松市国分寺町新居3371-1","087-874-6705","○","○","○","○","○","○","×","○",,"子育て支援課","31","70","国分寺北部校区コミュニティ協議会"
"152","34.29960139","133.9592108","国分寺文化センター","高松市国分寺町新居1423-1","087-874-4519","○","△","×","○","○","○","×","○","○","人権啓発課","23","30","国分寺北部校区コミュニティ協議会"
"153","34.30291167","133.9464617","国分児童館","高松市国分寺町国分2150-7","087-874-3830","○","○","○","○","○","○","×","○",,"子育て支援課","34.2","70","国分寺北部校区コミュニティ協議会"
"154","34.28308639","133.9614222","国分寺南部小学校","高松市国分寺町福家甲3005","087-874-1160","○","△","△","○","○","○","○","○","○","教育総務課","28.9","405","国分寺南部校区コミュニティ協議会"
"155","34.28410306","133.9610111","国分寺南部コミュニティセンター","高松市国分寺町福家甲3106-3","087-874-1116","○","△","△","○","○","○","×","○","○","地域振興課","28.6","137","国分寺南部校区コミュニティ協議会"
"156","34.28308639","133.9614222","国分寺勤労青少年ホーム","高松市国分寺町福家甲3005","087-874-3982","○","×","△","○","○","○","×","○","○","スポーツ振興課","28.4","180","国分寺南部校区コミュニティ協議会"
"157","34.27412944","133.9727575","福家児童館","高松市国分寺町福家甲1951-1","087-874-4954","○","○","○","○","○","○","×","○",,"子育て支援課","42.9","70","国分寺南部校区コミュニティ協議会"
"158","34.29664333","133.9601136","国分寺会館","高松市国分寺町新名430-2","087-874-1111","○","△","△","○","○","○","×","○",,"国分寺総合センター","24.4","135","国分寺南部校区コミュニティ協議会"
"159","34.29932583","133.9421289","香川県青年センター","高松市国分寺町国分1009","087-874-0713","○","○","△","○","○","○","×","○","○","香川県青年センター","31.5","384","国分寺北部校区コミュニティ協議会"
"160","34.36483306","133.9695161","香川県消防学校","高松市生島町689-11","087-881-3281","○","○","○","○","△","○","×","○",,"香川県消防学校","3.1","250","下笠居地区コミュニティ協議会"
"161","34.34431472","134.0423575","高松工芸高等学校（体育館）","高松市番町2-9-30","087-851-4144","○","○","○","○","△","○","×","○","○","県高校教育課","2.6","715","二番丁地区コミュニティ協議会"
"162","34.34147611","134.0440964","高松高等学校（体育館）","高松市番町3-1-1","087-831-7251","○","○","○","○","△","○","×","○","○","県高校教育課","3.5","700","四番丁コミュニティ協議会"
"163","34.33839083","134.059245","高松商業高等学校（体育館）","高松市松島町1-18-54","087-833-1971","○","○","△","○","△","△","×","○","○","県高校教育課","1.5","610","松島地区コミュニティ協議会"
"164","34.34262028","134.0375386","香川大学（経済学部構内体育館）","高松市幸町1-1","087-832-1000","○","△","○","○","△","○","×","○","○","香川大学","2.7","400","亀阜校区コミュニティ協議会"
"165","34.29744222","134.0415036","香川県立聾学校（体育館）※地震時のみ使用","高松市太田上町513-1","087-865-4492","−","−","−","−","−","−","−","○",,"香川県聾学校","26.3","200","太田南地区コミュニティ協議会"
"166","34.34546194","134.0534536","高松市生涯学習センター（まなびCAN）","高松市片原町11-1むうぶ片原町ビル内","087-811-6222","○","○","○","○","△","△","×","○","○","生涯学習課","2.1","50","新塩屋町地区コミュニティ協議会"
"167","34.34199056","134.0741269","高松市総合体育館","高松市福岡町4-36-1","087-822-0211","○","○","△","○","△","△","×","○","○","スポーツ振興課","2.5","1445","松島地区コミュニティ協議会"
"168","34.29206944","134.1114364","高松東高校（体育館）","高松市前田東町690-1","087-847-6221","×","×","○","○","○","○","×","○","○","県高校教育課","13.1","500","前田校区コミュニティ協議会"
"169","34.31115389","134.0110808","香川高等専門学校（体育館）","高松市勅使町355","087-869-3811","○","○","○","○","○","○","×","○","○","独立行政法人　国立高等専門学校機構","26.5","800","鶴尾校区コミュニティ協議会"
"170","34.290355","133.9520283","香川県営住宅国分寺団地集会場","高松市国分寺町柏原41","-","○","○","○","○","○","○","×","×",,"県住宅課","28.7","45","国分寺南部校区コミュニティ協議会"
"171","34.25265806","134.0310919","香川第一中学校","高松市香川町浅野1188","087-879-2131","○","○","○","○","○","○","○","○","○","教育総務課","98","540","浅野校区コミュニティ協議会"
"172","34.28533528","134.0381625","香川県農業共済組合","高松市三名町5-6","087-888-2121","○","○","○","○","○","○","×","○",,"香川県農業共済組合","36.1","119","一宮地区コミュニティ協議会"
"173","34.29277111","134.0630072","香川大学創造工学部","高松市林町2217-20","087-864-2000","○","○","○","○","○","○","×","○","○","香川大学","22","240","林地区コミュニティ協議会"
"174","34.3292175","134.0992836","介護老人保健施設サンライズ屋島","高松市新田町甲2723-2","087-841-8090","○","△","△","○","△","○","×","○",,"介護老人保健施設サンライズ屋島","2.7","136","古高松地区コミュニティ協議会"
"175","34.35068639","134.0509428","玉藻公園","高松市玉藻町2-1","087-851-1521","○","○","○","○","×","×","×","○",,"文化財課","2.6",,"四番丁コミュニティ協議会"
"176","34.34194556","134.0474322","中央公園","高松市番町１丁目11-1","-","○","○","○","○","△","×","×","○",,"公園緑地課","4.8",,"四番丁コミュニティ協議会"
"177","34.32530333","134.0586261","今里中央公園","高松市今里町１丁目20","-","○","×","○","○","○","×","○","○",,"公園緑地課","4.8",,"太田地区コミュニティ協議会"
"178","34.31414","134.0551","伏石中央公園","高松市伏石町2077","-","○","○","○","○","○","×","○","○",,"公園緑地課","12.3",,"太田地区コミュニティ協議会"
"179","34.31564151","134.065604","木太中央公園","高松市木太町5052","-","○","○","○","○","○","×","○","○",,"公園緑地課","6.5",,"木太地区コミュニティ協議会"
"180","34.33156222","134.1167208","菱の池公園","高松市高松町1211-28","-","○","○","○","○","○","○","×","○",,"公園緑地課","21.3",,"古高松地区コミュニティ協議会"
"181","34.29543016","134.0251408","一宮新池農村公園","高松市一宮町1227","-","○","○","○","○","○","○","×","○",,"土地改良課","29.9",,"一宮地区コミュニティ協議会"
"182","34.33351","134.1567117","房前公園・源平の里むれ（道の駅）","高松市牟礼町原631-7","087-845-6080","○","○","○","○","○","○","×","○",,"観光交流課","7.5",,"むれコミュニティ協議会"
"183","34.3300825","134.0258372","峰山公園","高松市峰山町1838-37","087-834-7297","○","○","○","○","○","○","×","○",,"公園緑地課","171.3",,"亀阜校区コミュニティ協議会"
"184","34.32904333","134.1246036","東部運動公園","高松市高松町1347-1","087-843-9446","○","○","○","○","○","○","○","○",,"公園緑地課","51.3",,"古高松地区コミュニティ協議会"
"185","34.27103972","134.0483483","仏生山公園","高松市仏生山町甲2654-1","087-881-5011","○","○","○","○","○","○","○","○",,"公園緑地課","46.4",,"仏生山地区コミュニティ協議会"
"186","34.30253","134.06385","長池中央公園","高松市林町2581","-","○","○","○","○","○","○","○","○",,"公園緑地課","15.5",,"林地区コミュニティ協議会"
"187","34.28000577","134.0558116","彦作池公園","高松市多肥上町2049-1","-","○","○","○","○","○","○","×","○",,"公園緑地課","32.4",,"多肥地区コミュニティ協議会"
"188","34.24461694","134.0055111","月見ヶ原公園","高松市香南町横井796-1","-","○","○","○","○","○","○","○","○",,"公園緑地課","90.1",,"香南地区コミュニティ協議会"
"189","34.32021139","134.1508181","牟礼中央公園","高松市牟礼町原1019-8","-","○","○","○","○","○","○","○","○",,"公園緑地課","45.8",,"むれコミュニティ協議会"
"190","34.34749417","134.1341633","御山公園","高松市牟礼町牟礼1355-1","087-845-5585","○","○","○","○","○","○","○","○",,"公園緑地課","45.5",,"むれコミュニティ協議会"
"191","34.3081","133.9519056","如意輪寺公園","高松市国分寺町国分2530-2","-","○","○","○","○","○","○","×","○",,"公園緑地課","49.1",,"国分寺北部校区コミュニティ協議会"
"192","34.27257361","133.9499792","橘ノ丘公園","高松市国分寺町新名2069-1","-","○","○","○","×","○","○","○","○",,"公園緑地課","55.7",,"国分寺南部校区コミュニティ協議会"
"193","34.32746","134.09237","トヨタカローラ香川株式会社春日店","高松市春日町902-1","087-805-2600","△","×","○","○","△","△","×","○",,"トヨタカローラ香川株式会社","1.9","121","古高松地区コミュニティ協議会"
