"#property","latitude","longitude","name","address","installationPosition","telephoneNumber","availableDate","startTime","endTime","availableDateNote","equipmentForChildren"
"1","34.34092056","134.0452297","健康増進施設サラマンダー","高松市番町一丁目10-16 財団法人 三宅医学研究所 セントラルパーククリニック","セントラルクリニック　２階  セントラルクリニック　４階",,,,,,
"2","34.35215833","134.0481344","ＪＲホテルクレメント高松","高松市浜ノ町1-1","１階ロビー",,,,,,
"3","34.25197","133.9301869","イオン綾川ショッピングセンター","綾歌郡綾川町萱原822-1","1・2・3階各モール側・ジャスコサービスセンター・ジャスコ防災センター",,,,,,
"4","34.350725","134.0447294","コナミスポーツクラブ高松","高松市浜ノ町8-52","マシンジム入口",,,,,,
"5","34.33277167","134.0466464","株式会社穴吹工務店","高松市藤塚町一丁目11-22","１階　エントランス",,,,,,
"6","34.34187056","134.0507847","高松ワシントンホテルプラザ","高松市瓦町一丁目2-3","２階　フロントカウンター",,,,,,
"7","34.33888667","134.0525983","ことでん瓦町駅","高松市常磐町一丁目3-1","瓦町駅改札口",,,,,,
"8","34.33581306","134.0463936","東横イン高松中新町","高松市中央町11-5","１階　ロビー",,,,,,
"9","34.35196583","134.0042439","イオン高松ショッピングセンター","高松市香西本町1-1","ジャスコ棟１階サービスカウンター・  モール棟１階インフォメーション・  １階防災センター",,,,,,
"10","34.31664056","134.0418044","ゆめタウン高松","高松市三条町608-1","１階　中央サービスカウンター横",,,,,,
"11","34.35075","134.0468208","ＪＲ高松駅","高松市浜ノ町1-20","駅内コンコース",,,,,,
"12","34.33915384637989","134.04593408102096","社団法人高松市医師会","高松市天神前4-14","会長室",,,,,,
"13","34.31189393548706","134.05392846871183","大和ハウス工業株式会社香川支店","高松市伏石町2089-1","１階　玄関",,,,,,
"14","34.29968111","133.9561897","社団法人香川県看護協会","高松市国分寺町国分152-4","看護研修センター　２階の事務室入口",,,,,,
"15","34.30534444","134.0557492","在宅ケアステーションみちしるべ","高松市太田下町3026-3","１階デイルーム　救急カート内",,,,,,
"16","34.34658782535925","134.04822588764029","東横イン高松兵庫町","高松市兵庫町3-1","ホテル１階ロビー",,,,,,
"17","34.344454","134.050378","高松丸亀町商店街振興組合　参番街東館","高松市丸亀町13-3","参番街東館1階",,,,,,
"18","34.34547077654665","134.0487000294317","リーガホテルゼスト高松","高松市古新町9-1","１階　フロント",,,,,,
"19","34.336061532609534","134.1034865262297","株式会社　ユーミック","高松市新田町甲91-1","玄関",,,,,,
"20","34.33354","134.15733","高松市道の駅源平の里むれ","高松市牟礼町原631-7　","物産棟（自販機内）","087-845-6080","月水木金土日","9:00","17:00","第１・第３火曜日除く、12/31は9:00～15:00",
"21","34.34306880023033","134.05001436750234","高松丸亀町商店街振興組合　岩佐佛喜堂","高松市丸亀町10-3","丸亀町10?3　岩佐佛喜堂内",,,,,,
"22","34.30703333","134.0726922","ザ・ココナツウエルネスクラブ高松","高松市林町2018-1","１階　ラウンジ",,,,,,
"23","34.33692667","134.0472794","大和リース株式会社高松支店","高松市中新町11-1","アクア中新町ビル８階事務所内",,,,,,
"24","34.31444028","134.0402975","フィットネスクラブレフコゆめタウン高松店","高松市上天神町266","１階フロント前",,,,,,
"25","34.33725333","133.9967283","大東産業株式会社","高松市香西南町102-4","２階　事務所",,,,,,
"26","34.26957430085608","134.12750015522522","ジャパンスイミングスクール三木校","木田郡三木町田中109-1","館内２階レストルーム",,,,,,
"27","34.35457139","134.0247894","ジャパンスイミングスクール高松校","高松市新北町28-12","館内２階",,,,,,
"28","34.31286889","134.0738975","瀬戸内スイミングスクール木太校","高松市木太町546","コーチ室",,,,,,
"29","34.33887472","134.0962392","瀬戸内スイミングスクール屋島校","高松市屋島西町2020","コーチ室",,,,,,
"30","34.26323194","134.0312611","瀬戸内スイミングスクール香川校","高松市香川町大野170-5","コーチ室",,,,,,
"31","34.34673360224325","134.0851340740125","旧高松テルサ","高松市屋島西町2366-3　","ロビー","087-844-3511","月火水木金土日","9:00","22:00","12/29～1/3及び臨時休業日を除く",
"33","34.33523917","134.0947614","屋島自動車学校","高松市春日町1304-3","校舎　２階ロビー",,,,,,
"34","34.27183389","134.1095775","フジグラン十川","高松市十川東町55-1","食料品館ＡＴＭコーナー横",,,,,,
"35","34.34730028","134.0415381","日通商事株式会社高松支店","高松市錦町二丁目6-3","正面玄関入口",,,,,,
"36","34.332738096967546","134.0995001177909","（株）タダノ","高松市新田町甲34","工場内１１棟南・南館２階",,,,,,
"37","34.29244889","134.0667317","株式会社　サニクリーン四国高松支店","高松市上林町500-3","受付カウンター",,,,,,
"38","34.3031175","134.0841969","四国警備保障株式会社","高松市六条町1197-1","正面入口カウンター上・右側",,,,,,
"39","34.33979639","134.0673694","ロイヤルケア高松アネックス","高松市福岡町四丁目28-17","１階ロビー",,,,,,
"40","34.33985194","134.0680942","ロイヤルケア高松","高松市福岡町四丁目28-27","１階ロビー",,,,,,
"41","34.204447186762366","134.06173877546559","高松市東谷コミュニティセンター","高松市香川町東谷873-3","センター入口（正面右側）","087-879-7997","月火水木金土日","9:00","21:00","日曜日は9：00～17：00、8/13～8/15、12/29～1/3を除く","有"
"42","34.241162614644864","134.03458874602723","高松市川東コミュニティセンター","高松市香川町川東上1865-13","正面右側","087-879-4215","月火水木金土日","9:00","21:00","日曜日は9：00～17：00、8/13～8/15、12/29～1/3を除く","有"
"43","34.32708354212701","133.99326859238624","高松市鬼無コミュニティセンター","高松市鬼無町佐藤31-3","センター入口（正面右側）","087-882-0875","月火水木金土日","9:00","21:00","日曜日は9：00～17：00、8/13～8/15、12/29～1/3を除く","有"
"44","34.25663444067726","134.03570126701464","高松市浅野コミュニティセンター","高松市香川町浅野826-2","１階玄関ホール（正面右側靴箱の上）","087-888-2537","月火水木金土日","9:00","21:00","日曜日は9：00～17：00、8/13～8/15、12/29～1/3を除く","有"
"45","34.30543651661365","133.9623910739857","高松市国分寺北部コミュニティセンター","高松市国分寺町新居1840-6","センター玄関内（正面左側）","087-874-5805","月火水木金土日","9:00","21:00","日曜日は9：00～17：00、8/13～8/15、12/29～1/3を除く","有"
"46","34.16251667","134.0761547","ホテルセカンドステージ","高松市塩江町上西乙1118-8","ホテル　ロビー",,,,,,
"47","34.17026889","134.0820194","湯遊しおのえ","高松市塩江町安原上東390-1","観光物産センターしおのえ南入口",,,,,,
"48","34.31874698849904","134.05391161060385","高松市太田コミュニティセンター","高松市伏石町2016-37","正面入口","087-867-1139","月火水木金土日","9:00","21:00","日曜日は9：00～17：00、8/13～8/15、12/29～1/3を除く","有"
"49","34.34022534360825","134.06511873125731","高松市松島コミュニティセンター","高松市松福町二丁目15-24","階段上り口左側","087-821-0435","月火水木金土日","9:00","21:00","日曜日は9：00～17：00、8/13～8/15、12/29～1/3を除く","有"
"50","34.33609810264369","134.0568600224433","高松市花園コミュニティセンター","高松市観光通二丁目8-9","２階入口","087-835-5398","月火水木金土日","9:00","21:00","日曜日は9：00～17：00、8/13～8/15、12/29～1/3を除く","有"
"51","34.341235612212884","134.05684668072996","高松市築地コミュニティセンター","高松市築地町14-1","正面左側","087-862-1166","月火水木金土日","9:00","21:00","日曜日は9：00～17：00、8/13～8/15、12/29～1/3を除く","有"
"52","34.34744517591149","134.05592212605734","高松市新塩屋町コミュニティセンター","高松市城東町一丁目1-47","正面入口","087-822-1066","月火水木金土日","9:00","21:00","日曜日は9：00～17：00、8/13～8/15、12/29～1/3を除く","有"
"53","34.34353181412227","134.04496988204846","高松市四番丁コミュニティセンター","高松市番町二丁目3-5","正面入口","087-851-8479","月火水木金土日","9:00","21:00","日曜日は9：00～17：00、8/13～8/15、12/29～1/3を除く","有"
"54","34.34452639115574","134.03654966857636","高松市二番丁コミュニティセンター","高松市扇町二丁目8-7","正面入口","087-822-3556","月火水木金土日","9:00","21:00","日曜日は9：00～17：00、8/13～8/15、12/29～1/3を除く","有"
"55","34.34761530454993","134.03249079123577","高松市日新コミュニティセンター","高松市瀬戸内町22-9","階段踊り場","087-834-9911","月火水木金土日","9:00","21:00","日曜日は9：00～17：00、8/13～8/15、12/29～1/3を除く","有"
"56","34.33962800879472","134.0353016611926","高松市亀阜コミュニティセンター","高松市宮脇町一丁目6-18","正面入口","087-834-0797","月火水木金土日","9:00","21:00","日曜日は9：00～17：00、8/13～8/15、12/29～1/3を除く","有"
"57","34.328823683942204","134.04826594186068","高松市栗林コミュニティセンター","高松市栗林町三丁目2-12","階段踊り場","087-835-5399","月火水木金土日","9:00","21:00","日曜日は9：00～17：00、8/13～8/15、12/29～1/3を除く","有"
"58","34.313832877633516","134.03025480155355","高松市鶴尾コミュニティセンター","高松市田村町303-1","正面入口","087-866-3176","月火水木金土日","9:00","21:00","日曜日は9：00～17：00、8/13～8/15、12/29～1/3を除く","有"
"59","34.31385082074752","134.0640564781295","高松市太田中央コミュニティセンター","高松市松縄町1108-1","正面左側（靴箱の上）","087-867-3396","月火水木金土日","9:00","21:00","日曜日は9：00～17：00、8/13～8/15、12/29～1/3を除く","有"
"60","34.30188461520021","134.04128261228954","高松市太田南コミュニティセンター","高松市太田上町1045-2　","正面左側","087-865-9947","月火水木金土日","9:00","21:00","日曜日は9：00～17：00、8/13～8/15、12/29～1/3を除く","有"
"61","34.32621540541912","134.076716922368","高松市木太コミュニティセンター","高松市木太町3480-2","１階エレベータの右側","087-834-5547","月火水木金土日","9:00","21:00","日曜日は9：00～17：00、8/13～8/15、12/29～1/3を除く","有"
"62","34.3192218911246","134.0762402331345","高松市木太南コミュニティセンター","高松市木太町1486","正面突き当たりトイレ入口周辺","087-865-4273","月火水木金土日","9:00","21:00","日曜日は9：00～17：00、8/13～8/15、12/29～1/3を除く","有"
"63","34.33559737670586","134.07947976686165","高松市木太北部コミュニティセンター","高松市木太町2603","正面右側","087-831-9000","月火水木金土日","9:00","21:00","日曜日は9：00～17：00、8/13～8/15、12/29～1/3を除く","有"
"64","34.34370832688769","134.1013021516419","高松市屋島コミュニティセンター","高松市屋島中町449-1","正面下駄箱横","087-841-6927","月火水木金土日","9:00","21:00","日曜日は9：00～17：00、8/13～8/15、12/29～1/3を除く","有"
"65","34.35228548633302","134.08919535072852","高松市屋島西コミュニティセンター","高松市屋島西町2483-2","正面突き当たりトイレ入口周辺","087-843-2961","月火水木金土日","9:00","21:00","日曜日は9：00～17：00、8/13～8/15、12/29～1/3を除く","有"
"66","34.35499126046699","134.1158986376861","高松市屋島東コミュニティセンター","高松市屋島東町928","正面入口","087-841-9931","月火水木金土日","9:00","21:00","日曜日は9：00～17：00、8/13～8/15、12/29～1/3を除く","有"
"67","34.33565467072725","134.10742316994885","高松市古高松コミュニティセンター","高松市高松町10-20","正面突き当たりの右側（コミセン事務所周辺）","087-841-6262","月火水木金土日","9:00","21:00","日曜日は9：00～17：00、8/13～8/15、12/29～1/3を除く","有"
"68","34.32701662173382","134.0917430403336","高松市古高松南コミュニティセンター","高松市春日町782-2","正面右側","087-841-2186","月火水木金土日","9:00","21:00","日曜日は9：00～17：00、8/13～8/15、12/29～1/3を除く","有"
"69","34.2966275186633","134.11261536720565","高松市前田コミュニティセンター","高松市前田東町838","正面入口","087-847-6168","月火水木金土日","9:00","21:00","日曜日は9：00～17：00、8/13～8/15、12/29～1/3を除く",
"70","34.30696059761668","134.08949169080398","高松市川添コミュニティセンター","高松市元山町136-4","正面入口","087-847-5979","月火水木金土日","9:00","21:00","日曜日は9：00～17：00、8/13～8/15、12/29～1/3を除く","有"
"71","34.2976193883196","134.07625402362055","高松市林コミュニティセンター","高松市林町329-1","正面入口","087-866-3405","月火水木金土日","9:00","21:00","日曜日は9：00～17：00、8/13～8/15、12/29～1/3を除く","有"
"72","34.27775810228735","134.0695137063948","高松市三谷コミュニティセンター","高松市三谷町1201-1","正面右側","087-889-4938","月火水木金土日","9:00","21:00","日曜日は9：00～17：00、8/13～8/15、12/29～1/3を除く","有"
"73","34.278518642752445","134.04793652618696","高松市仏生山コミュニティセンター","高松市仏生山町乙45-4","正面右側","087-889-4955","月火水木金土日","9:00","21:00","日曜日は9：00～17：00、8/13～8/15、12/29～1/3を除く","有"
"74","34.29047673277448","134.0514359925541","高松市多肥コミュニティセンター","高松市多肥上町433-5","正面右側階段の上り口","087-889-4956","月火水木金土日","9:00","21:00","日曜日は9：00～17：00、8/13～8/15、12/29～1/3を除く","有"
"75","34.290785774207805","134.0289442030965","高松市一宮コミュニティセンター","高松市一宮町838-1","正面入口","087-886-4793","月火水木金土日","9:00","21:00","日曜日は9：00～17：00、8/13～8/15、12/29～1/3を除く","有"
"76","34.26944848177659","134.01002629551357","高松市川岡コミュニティセンター","高松市川部町486-3","正面左側","087-886-4963","月火水木金土日","9:00","21:00","日曜日は9：00～17：00、8/13～8/15、12/29～1/3を除く","有"
"77","34.28541352434959","134.0055431085392","高松市円座コミュニティセンター","高松市円座町1622-1","正面右側","087-886-4993","月火水木金土日","9:00","21:00","日曜日は9：00～17：00、8/13～8/15、12/29～1/3を除く","有"
"78","34.300965650861","133.99469586877632","高松市檀紙コミュニティセンター","高松市御厩町775-1","正面突き当たり階段の左側","087-886-4955","月火水木金土日","9:00","21:00","日曜日は9：00～17：00、8/13～8/15、12/29～1/3を除く","有"
"79","34.32902078632128","134.0058084327266","高松市弦打コミュニティセンター","高松市鶴市町356-3","正面右側","087-882-0285","月火水木金土日","9:00","21:00","日曜日は9：00～17：00、8/13～8/15、12/29～1/3を除く","有"
"80","34.34693512559954","133.99624082920678","高松市香西コミュニティセンター","高松市香西本町476-1","正面左側","087-882-0294","月火水木金土日","9:00","21:00","日曜日は9：00～17：00、8/13～8/15、12/29～1/3を除く",
"81","34.35872020934757","133.96879908286814","高松市下笠居コミュニティセンター","高松市生島町353-１","正面入口","087-882-0856","月火水木金土日","9:00","21:00","日曜日は9：00～17：00、8/13～8/15、12/29～1/3を除く",
"82","34.39216309278734","134.0518004888891","高松市女木コミュニティセンター","高松市女木町203-1","正面突き当たり階段近く","087-873-0105","月火水木金土日","9:00","21:00","日曜日は9：00～17：00、8/13～8/15、12/29～1/3を除く","有"
"83","34.42262","134.05420","高松市男木コミュニティセンター","高松市男木町1988","正面突き当たり支所カウンターの下","087-873-0002","月火水木金土日","9:00","21:00","日曜日は9：00～17：00、8/13～8/15、12/29～1/3を除く","有"
"85","34.2741","134.1049","高松市十河コミュニティセンター","高松市十川西町299-1","正面右側","087-848-0166","月火水木金土日","9:00","21:00","日曜日は9：00～17：00、8/13～8/15、12/29～1/3を除く","有"
"86","34.2382445914687","134.0990723394362","高松市東植田コミュニティセンター","高松市東植田町1825-1　","正面右側","087-849-0104","月火水木金土日","9:00","21:00","日曜日は9：00～17：00、8/13～8/15、12/29～1/3を除く",
"87","34.24032267553109","134.07886300174584","高松市西植田コミュニティセンター","高松市西植田町2247-1","正面右側","087-849-0101","月火水木金土日","9:00","21:00","日曜日は9：00～17：00、8/13～8/15、12/29～1/3を除く","有"
"88","34.196260503065645","134.0415028824258","高松市塩江コミュニティセンター","高松市塩江町安原下第2号1645","２階正面入口","087-897-0137","月火水木金土日","9:00","21:00","日曜日は9：00～17：00、8/13～8/15、12/29～1/3を除く","有"
"89","34.385283201812626","134.12985826853662","高松市庵治コミュニティセンター","高松市庵治町888-1","正面右側","087-871-4162","月火水木金土日","9:00","21:00","日曜日は9：00～17：00、8/13～8/15、12/29～1/3を除く","有"
"90","34.33613666591246","134.14265396812613","高松市大町コミュニティセンター","高松市牟礼町大町1463-2","正面入口","087-870-1306","月火水木金土日","9:00","21:00","日曜日は9：00～17：00、8/13～8/15、12/29～1/3を除く","有"
"91","34.26722341822983","134.0246395647269","高松市大野コミュニティセンター","高松市香川町大野1329-1","正面入口","087-886-1960","月火水木金土日","9:00","21:00","日曜日は9：00～17：00、8/13～8/15、12/29～1/3を除く","有"
"92","34.23995817741283","134.01312658895347","高松市香南コミュニティセンター","高松市香南町由佐1172","正面左側","087-879-8993","月火水木金土日","9:00","21:00","日曜日は9：00～17：00、8/13～8/15、12/29～1/3を除く","有"
"93","34.28412719590888","133.96102348990883","高松市国分寺南部コミュニティセンター","高松市国分寺町福家甲3106-3","正面右側和室前の廊下","087-874-1116","月火水木金土日","9:00","21:00","日曜日は9：00～17：00、8/13～8/15、12/29～1/3を除く","有"
"94","34.337810134143396","134.13930752149588","高松市牟礼コミュニティセンター","高松市牟礼町牟礼302-1","正面右側","087-845-4111","月火水木金土日","9:00","21:00","日曜日は9：00～17：00、8/13～8/15、12/29～1/3を除く",
"95","34.340817118648374","134.07343664781786","斎場公園","高松市福岡町四丁目35-41","事務所受付","087-822-1917","月火水木金土日","8:30","17:15","友引、1/1を除く","有"
"96","34.22399","134.05229","高松市やすらぎ苑","高松市香川町川内原2200","事務所受付","087-839-1222","月火水木金土日","8:30","17:15",,"有"
"97","34.34259417722984","134.0463289726568","高松市役所　本庁舎","高松市番町一丁目8-5　","１階市民ホール","087-839-2011","月火水木金","8:30","17:15","祝日、12/29～1/3を除く",
"99","34.39118901447202","134.0520504991262","高松市国民健康保険女木診療所","高松市女木町112","待合室","087-873-0103","月火木金","10:30","17:00","月・木 14:00～17:00、火・金 10:30～12:00",
"100","34.4221426766714","134.054819988154","高松市国民健康保険男木診療所","高松市男木町1988　","待合室","087-873-0003","月火木金","10:45","16:45","月・木 10:45～12:00、火・金 14:00～16:45",
"101","34.34219281743415","134.00071667512196","ふれあい福祉センター勝賀","高松市香西南町476-1　","１階ホール","087-882-6951","月火水木金土","9:00","22:00","12/29～1/3を除く。土曜及び祝日の終了時間は17:00。",
"105","34.2417884309706","134.00778639340058","ししまる館","高松市香南町横井857-1","正面入口","087-879-0321","月火水木金土","9:30","18:00","12/29～1/3を除く","有"
"106","34.29623486386022","134.11394092654575","前田幼稚園","高松市前田東町788-1","玄関","087-847-6582","月火水木金","8:15","17:00","祝日を除く","有"
"107","34.30684270663777","134.09380846034475","川添幼稚園","高松市東山崎町601","職員室","087-847-6934","月火水木金","8:15","17:00","祝日を除く","有"
"108","34.30162782781976","134.07487162691672","林こども園","高松市林町1405-4","職員室入口","087-865-1676","月火水木金土","7:30","18:45","祝日、12/29～1/3を除く。土曜日は17:00まで。","有"
"109","34.27603742376755","134.070329279816","三渓幼稚園","高松市三谷町2316-2","職員室前廊下","087-889-2514","月火水木金","8:15","17:00","祝日を除く","有"
"110","34.34592466413797","133.9966715326048","香西幼稚園","高松市香西西町59-1","職員室","087-882-0161","月火水木金","8:15","17:00","祝日を除く","有"
"111","34.291798382714305","134.02422111658484","一宮幼稚園","高松市一宮町1233-2","職員室","087-886-3088","月火水木金","8:15","17:00","祝日を除く","有"
"112","34.292407871967214","134.0516455963877","多肥幼稚園","高松市多肥上町990-2","職員室","087-889-2513","月火水木金","8:15","17:00","祝日を除く","有"
"113","34.268100538449005","134.00824389050666","川岡幼稚園","高松市川部町524-3","職員室","087-885-0550","月火水木金","8:15","17:00","祝日を除く","有"
"114","34.28575887967929","134.0032317267894","円座幼稚園","高松市円座町125-2","職員室","087-885-0846","月火水木金","8:15","17:00","祝日を除く","有"
"115","34.30097366132068","133.9950147225345","檀紙幼稚園","高松市御厩町776-1","職員室","087-885-2595","月火水木金","8:15","17:00","祝日を除く","有"
"116","34.32771384775191","134.005047853073","弦打幼稚園","高松市鶴市町360","玄関","087-881-3563","月火水木金","8:15","17:00","祝日を除く","有"
"117","34.32804686160375","133.9928882656215","鬼無幼稚園","高松市鬼無町佐藤128-1","玄関","087-881-4913","月火水木金","8:15","17:00","祝日を除く","有"
"118","34.322397399632564","134.07655895883607","木太幼稚園","高松市木太町3901-1","職員室","087-833-8144","月火水木金","8:15","17:00","祝日を除く","有"
"120","34.32577293003996","134.0912903246928","春日幼稚園","高松市春日町744","職員室","087-843-2767","月火水木金","8:15","17:00","祝日を除く","有"
"121","34.33622225313478","134.07921904147554","木太北部幼稚園","高松市木太町2604-5","職員室","087-862-1031","月火水木金","8:15","17:00","祝日を除く","有"
"122","34.35051610379203","134.1268582395117","栗山幼稚園","高松市牟礼町牟礼3028","職員室","087-845-1646","月火水木金","8:15","17:00","祝日を除く","有"
"124","34.33990252900911","134.1482951899083","大町幼稚園","高松市牟礼町大町605-1","職員室","087-845-5718","月火水木金","8:15","17:00","祝日を除く","有"
"125","34.26739644706802","134.02432673860665","大野幼稚園","高松市香川町大野1331-1","職員室","087-886-5010","月火水木金","8:15","17:00","祝日を除く","有"
"127","34.23776690375665","134.0349883947962","川東こども園","高松市香川町川東上1987-4","職員室入口","087-879-4602","月火水木金土","7:30","18:45","祝日、12/29～1/3を除く。土曜日は17:00まで。","有"
"128","34.306998526135686","133.96332715814725","国分寺北部幼稚園","高松市国分寺町新居1870-2","保健室","087-874-1155","月火水木金","8:15","17:00","祝日を除く","有"
"129","34.285185887869005","133.96121416712174","国分寺南部幼稚園","高松市国分寺町福家甲3123-1","職員室","087-874-1159","月火水木金","8:15","17:00","祝日を除く","有"
"130","34.35852283084924","133.96762615483675","下笠居こども園","高松市生島町335","職員室","087-882-2531","月火水木金土","7:30","19:00","祝日、12/29～1/3を除く。土曜日は17:00まで。","有"
"131","34.24194765250196","134.00583201293142","香南こども園","高松市香南町横井865-1","職員室入口","087-887-7876","月火水木金土","7:30","19:00","祝日、12/29～1/3を除く。土曜日は17:00まで。","有"
"132","34.38577732787546","134.1314454750986","庵治こども園","高松市庵治町853-1","職員室","087-871-2535","月火水木金土","7:30","18:45","祝日、12/29～1/3を除く。土曜日は17:00まで。","有"
"133","34.18861493599893","134.0614057385245","塩江こども園","高松市塩江町安原下第1号887","職員室入口","087-890-2022","月火水木金土","7:30","18:45","祝日、12/29～1/3を除く。土曜日は17:00まで。","有"
"134","34.32845316671421","134.15560006200366","はらこども園","高松市牟礼町原570-1","職員室","087-845-0234","月火水木金土","7:30","19:00","祝日、12/29～1/3を除く。土曜日は17:00まで。","有"
"135","34.34739831144566","134.03278422891242","瀬戸内保育所","高松市瀬戸内町23-7","職員室入口","087-861-5701","月火水木金土","7:30","19:00","開所日のみ。土曜日は17:00まで。","有"
"136","34.34585324917502","134.0385144595752","扇町保育所","高松市扇町一丁目24-17","職員室","087-821-7629","月火水木金土","7:30","19:00","開所日のみ。土曜日は17:00まで。","有"
"137","34.332737064076326","134.0361654689196","宮脇保育所","高松市宮脇町二丁目10-63","職員室入口","087-835-1636","月火水木金土","7:30","19:00","開所日のみ。土曜日は17:00まで。","有"
"138","34.33507100107785","134.06882096806805","松島保育所","高松市松島町三丁目13-6","職員室入口","087-831-8066","月火水木金土","7:30","19:00","開所日のみ。土曜日は17:00まで。","有"
"139","34.343450696696024","134.07091317860306","福岡保育所","高松市福岡町三丁目31-3","正面入口","087-851-1206","月火水木金土","7:30","18:30","開所日のみ。土曜日は17:00まで。","有"
"140","34.33126084646416","134.05447731428973","桜町保育所","高松市桜町一丁目3-15","正面玄関入口","087-834-3628","月火水木金土","7:30","19:00","開所日のみ。土曜日は17:00まで。","有"
"141","34.304466256824355","134.0285204179914","田村保育所","高松市鹿角町937","職員室","087-866-0962","月火水木金土","7:30","18:30","開所日のみ。土曜日は17:00まで。","有"
"142","34.318822716899064","134.03822598653738","鶴尾保育所","高松市東ハゼ町19-8","玄関内側","087-865-6342","月火水木金土","7:30","18:30","開所日のみ。土曜日は17:00まで。","有"
"143","34.3130755770262","134.0518147687157","太田保育所","高松市伏石町1062","職員室","087-867-5741","月火水木金土","7:30","19:00","開所日のみ。土曜日は17:00まで。","有"
"144","34.32449196705856","134.07715873004435","木太保育所","高松市木太町3502","正面入口","087-861-2650","月火水木金土","7:30","19:00","開所日のみ。土曜日は17:00まで。","有"
"145","34.33070570907336","134.10749602508793","古高松保育所","高松市高松町423-1","職員室入口","087-841-9845","月火水木金土","7:30","19:00","開所日のみ。土曜日は17:00まで。","有"
"146","34.34256860535912","134.0998840584295","屋島こども園","高松市屋島西町1744-1","職員室","087-841-9711","月火水木金土","7:30","18:45","祝日、12/29～1/3を除く。土曜日は17:00まで。","有"
"148","34.3523666577471","133.98716651966714","下笠居東部保育所","高松市植松町44-4","正面玄関入口","087-881-4752","月火水木金土","7:30","18:30","開所日のみ。土曜日は17:00まで。","有"
"149","34.34522776570175","133.99694035527665","香西保育所","高松市香西西町57-9","職員室","087-881-2328","月火水木金土","7:30","19:00","開所日のみ。土曜日は17:00まで。","有"
"150","34.32835368490471","134.0055948057401","弦打保育所","高松市鶴市町359-1","職員室","087-881-2552","月火水木金土","7:30","19:00","開所日のみ。土曜日は17:00まで。","有"
"151","34.327621813251355","133.99339152372931","鬼無保育所","高松市鬼無町佐藤41-1","職員室","087-881-2844","月火水木金土","7:30","19:00","開所日のみ。土曜日は17:00まで。","有"
"152","34.27737960614408","134.07029603568736","三谷保育所","高松市三谷町1193-1","正面玄関入口","087-889-0720","月火水木金土","7:45","18:30","開所日のみ。土曜日は17:00まで。","有"
"153","34.29127918158461","134.05107708574445","多肥保育所","高松市多肥上町424","職員室","087-889-0475","月火水木金土","7:45","18:30","開所日のみ。土曜日は17:00まで。","有"
"156","34.240089624375074","134.07803356789447","西植田保育所","高松市西植田町2350-1","職員室","087-849-0102","月火水木金土","7:30","18:30","開所日のみ。土曜日は13:30まで。","有"
"157","34.23990970862563","134.09794203825942","東植田保育所","高松市東植田町2023-1","職員室入口","087-849-0082","月火水木金土","7:30","18:00","開所日のみ。土曜日は8:00～17:00","有"
"158","34.26774811716082","134.0272250122211","大野保育所","高松市香川町大野1063-1","職員室入口","087-886-9356","月火水木金土","7:30","18:00","開所日のみ。土曜日は8:30～17:00。","有"
"160","34.22950402518687","134.04047278102325","川東南保育所","高松市香川町川内原574-56","職員室","087-879-5784","月火水木金土","7:30","19:00","開所日のみ。土曜日は17:00まで。","有"
"161","34.30697940304108","133.964159464751","国分寺北部保育所","高松市国分寺町新居1906-1","職員室","087-874-1487","月火水木金土","7:30","18:30","開所日のみ。土曜日は17:00まで。","有"
"162","34.2846802062831","133.9609346201691","国分寺南部保育所","高松市国分寺町福家甲3106-1","職員室入口","087-874-1120","月火水木金土","7:30","18:30","開所日のみ。土曜日は17:00まで。","有"
"163","34.34596089292165","134.12670744029657","牟礼保育所","高松市牟礼町牟礼1978-1","正面玄関入口","087-845-1647","月火水木金土","7:30","19:00","開所日のみ。土曜日は17:00まで。","有"
"165","34.3305162701712","134.05253694523162","高松市保健所","高松市桜町一丁目10-27　","正面入口、相談室１（貸出用）","087-839-2860","月火水木金","8:30","17:15","祝日、12/29～1/3を除く",
"166","34.339498494813526","134.05967402542245","高松市夜間急病診療所","高松市松島町一丁目16-20　","内科２診","087-839-2299","月火水木金土日","19:30","23:30",,
"167","34.33050911936475","134.0518933163504","高松市保健センター","高松市桜町一丁目9-12　","１階ロビー、３階エレベーターホール","087-839-2363","月火水木金","8:30","17:15","祝日、12/29～1/3を除く",
"168","34.250918535101405","134.03438653170792","香川地域保健活動センター","高松市香川町浅野1256-1　","１階ロビー",,"月火水木金","8:30","17:15","祝日、12/29～1/3を除く",
"169","34.388355710333386","134.12935782603802","庵治地域保健活動センター","高松市庵治町978　","３階ほっとぴあん受付内","087-870-3426",,,,"利用不可",
"170","34.29570","133.96487","国分寺地域保健活動センター","高松市国分寺町新居1180-1　","１階ロビー","087-874-8200","月火水木金","8:30","17:15","祝日、12/29～1/3を除く",
"171","34.26237470720193","134.0150248615817","高松市西部クリーンセンター","高松市川部町930-1","事務室入口","087-885-2727","月火水木金土","8:30","17:15","土曜日は12：30まで。祝日、12/29～1/3を除く。","有"
"172","34.20257","134.0320875","高松市南部クリーンセンター","高松市塩江町安原下第3号2084-1","事務室入口","087-890-2190","月火水木金","8:30","17:15","祝日、12/29～1/3を除く","有"
"173","34.34586555024673","134.06199718982754","高松競輪場","高松市福岡町一丁目4-46　","中央スタンド開催事務所、医務室、前売投票所","087-851-5036","月火水木金土日","8:30","17:15","ナイター時は～21：00。競輪非開催日は利用できない場合あり。","有"
"174","34.348035245833614","134.02948557023694","中央卸売市場　水産物棟","高松市瀬戸内町30-5","守衛室","087-862-3411","月火水木金土日","0:00","23:59","終日利用可能","有"
"175","34.35128","134.02942","中央卸売市場　青果棟","高松市瀬戸内町40-12","守衛室","087-862-3411","月火水木金土日","0:00","23:59","終日利用可能","無"
"176","34.34730733986548","134.02671246827776","公設花き地方卸売市場　花き棟","高松市西町12-1","守衛室","087-862-3411","月火水木金土日","0:00","23:59","終日利用可能","有"
"178","34.23962","134.00726","香南楽湯","高松市香南町横井997-2　","２階浴場入口前付近","087-815-8585","月火水木金土日","10:00","23:00","第３水曜を除く",
"180","34.38946445274165","134.05230208700124","高松市鬼ヶ島おにの館","高松市女木町15-22","事務所受付","087-873-0728","月火水木金土日","8:00","17:00","8/1～8/20は8:00～18:10",
"181","34.35231650941593","134.04667254036457","高松市文化芸術ホール","高松市サンポート2-1　","1Ｆ警備室内、2Ｆ管理事務室内","087-825-5000","月火水木金土日","7:00","23:00","12/29～1/3を除く。２Ｆ管理事務室内設置のものは8:30～18:30。",
"182","34.296073879831056","133.95963515148964","高松国分寺ホール","高松市国分寺町新名430　","受付","087-875-0162","火水木金土日","9:00","22:00","休館日以外利用可能。休館日：毎週月曜（月曜が祝日の場合は翌平日）及び12/29～1/3",
"183","34.35058","134.05157","玉藻公園","高松市玉藻町2-1　","陳列館、和舟乗船所（開園時）、西門料金所（閉園時）","087-851-1521","月火水木金土日",,,"開園時間中利用可",
"184","34.35253670565582","134.13421350926234","石の民俗資料館","高松市牟礼町牟礼1810","エントランスホール（館出入口付近）","087-845-8484","月火水木金土日","9:00","17:00","開館日のみ利用可",
"185","34.34375880432735","134.04584210133754","四番丁スクエア（高松市埋蔵文化財センター）","高松市番町一丁目5-1","本館管理室横、体育館北入口横","087-823-2714","月火水木金","8:30","17:15","祝日、12/29～1/3を除く。体育館北入口横のものは学校跡地施設利用者のみ利用可","有"
"186","34.34200277495633","134.07425288339005","高松市総合体育館","高松市福岡町四丁目36-1　","第１競技場入口","087-822-0211","月水木金土日","9:00","22:00",,
"187","34.35202379589647","134.04212701291527","ヨット競技場","高松市浜ノ町67-1","医務室","087-823-6099","月水木金土日","8:30","20:00",,
"189","34.342971934409434","134.07266004320724","福岡町プール","高松市福岡町三丁目33-24　","受付カウンター","087-823-7227","月水木金土日","10:00","20:30",,
"190","34.374497446159424","133.9436635308491","亀水運動センター","高松市亀水町458-1　","事務所入口","087-881-0182","月水木金土日","9:00","22:00",,
"191","34.31006610869936","133.98161418963764","西部運動センター","高松市鬼無町鬼無10-2　","入口ロビー","087-885-3344","月水木金土日","9:00","22:00",,
"192","34.261104436126246","134.01627504188775","かわなべスポーツセンター","高松市川部町932-7　","プールロビー","087-885-4611","月水木金土日","9:00","22:00",,
"193","34.27112","134.04834","仏生山公園温水プール","高松市仏生山町甲2654-1　","プールロビー","087-888-5011","火水木金土日","13:00","20:30","土日は10:00～20:30",
"194","34.342529976533854","134.14310315196917","牟礼総合体育館","高松市牟礼町牟礼152-10　","ロビー","087-845-7060","火水木金土日","9:00","22:00",,
"195","34.255133386664156","134.02866198945594","香川総合体育館","高松市香川町川東下1917-1　","事務所横ロビー","087-879-8000","月火水木金土日","9:00","22:00",,
"196","34.27256","133.94999","国分寺B&G海洋センター","高松市国分寺町新名2069-1　","ロビー","087-874-4311","火水木金土日","9:00","22:00",,
"197","34.271384309000354","133.95088829985366","国分寺はくちょう温泉","高松市国分寺町新名2213-1　","受付カウンター","087-874-8900","火水木金土日","10:00","20:00",,
"198","34.332600694620425","134.14711652509254","牟礼中央公園運動センター","高松市牟礼町原1019-8　","入口ロビー","087-845-1563","月水木金土日","9:00","22:00",,
"199","34.19762685599878","134.03356532013782","健康増進温浴施設ループしおのえ　　　　　　　　　　　　　　　　　　　　　　　　　　　　　　　","高松市塩江町安原下第3号2074-2　","プール監視室","087-897-0781","月水木金土日","10:00","20:30",,
"200","34.24329920782489","134.00642605287135","香南体育館","高松市香南町横井844-7","事務所","087-879-3136","火水木金土日","9:00","22:00",,
"202","34.34418583098979","134.04904158999926","高松市美術館","高松市紺屋町10-4　","正面入口","087-823-1711","火水木金土日","9:30","17:00","月曜が祝日の場合は翌平日が休館","有"
"203","34.17575043775841","134.08134020659418","高松市塩江美術館","高松市塩江町安原上602","事務所内","087-893-1800","火水木金土日","9:00","17:00","月曜が祝日の場合は翌平日が休館","有"
"204","34.34172664492746","134.04684438434532","中央駐車場","高松市番町一丁目11-22","管理事務所内","087-862-2285","月火水木金土日","7:30","22:00",,
"205","34.338920269003026","134.0518968877072","瓦町駅地下駐車場","高松市常磐町一丁目3-1","管理事務所内","087-823-2585","月火水木金土日","7:30","22:00",,
"206","34.329898565443315","134.12348196764026","東部運動公園","高松市高松町1347-1","事務所","087-843-9446","月水木金土日","9:00","22:00",,
"207","34.3298512377216","134.02655291272356","峰山公園","高松市峰山町1838-37","管理事務所内","087-834-7297","月火水木金土日","8:30","17:00","12/29～1/3を除く",
"208","34.30836561868621","133.953000409296","如意輪寺公園","高松市国分寺町国分2530-2","管理事務所内","087-875-1221","月水木金土日","9:00","19:00","3月・10月は18:00まで、11月～2月は17:00まで。休園日以外利用可能。
休園日：毎週火曜（火曜が祝日の場合は翌平日）及び12/29～1/3",
"209","34.28287","134.04048","高松市立みんなの病院","高松市仏生山町甲847-1","１階みんなのホール入口、２階Ａブロック外来、２階通院治療室、４階４Ｅ処置室、６階６Ｅスタッフステーション",,"月火水木金","8:30","17:15","祝日、12/29～1/3を除く。４階と６階のものは終日利用可能。",
"210","34.1715059063595","134.08076553863697","高松市民病院塩江分院","高松市塩江町安原上東99-1　","正面入口","087-893-0031","月火水木金","8:30","17:15","祝日、12/29～1/3を除く",
"211","34.34574201990033","134.04117828521908","新番丁小学校","高松市錦町二丁目14-1","体育館南側外側面南西扉の東側壁面","087-851-1316",,,,"学校開校日に随時",
"212","34.338371998104265","134.040173847194","亀阜小学校","高松市亀岡町10-1","体育館外北側の壁","087-861-2013",,,,"学校開校日に随時",
"213","34.33105","134.05016","栗林小学校","高松市栗林町二丁目10-7","体育館入口、保健室横運動場入口の外側壁面","087-861-3438",,,,"学校開校日に随時",
"214","34.3338732569606","134.05765543303198","花園小学校","高松市花園町二丁目7-7","体育館南入口","087-831-9129",,,,"学校開校日に随時",
"215","34.339526000665785","134.0622770458006","高松第一小学校","高松市松島町二丁目14-5","校舎内１階応接室向い壁面","087-832-0611",,,,"学校開校日に随時",
"216","34.31576518041808","134.02885183025455","鶴尾小学校","高松市松並町636-1","体育館外靴箱ホール","087-867-2564",,,,"学校開校日に随時",
"217","34.31261885369054","134.05215351591937","太田小学校","高松市伏石町845-1","中館東面ポストの右側","087-865-4433",,,,"学校開校日に随時",
"218","34.32533684240238","134.0766939278334","木太小学校","高松市木太町3480-1","体育館西側、本館２階職員室前廊下","087-861-6337",,,,"学校開校日に随時",
"219","34.33238490493703","134.10689896592731","古高松小学校","高松市高松町398","体育館靴箱付近","087-841-9204",,,,"学校開校日に随時",
"220","34.34762","134.10015","屋島小学校","高松市屋島西町1205-1","南館１階郵便箱の下","087-841-1538",,,,"学校開校日に随時",
"221","34.29587176917414","134.11329983845036","前田小学校","高松市前田東町819-3","体育館入口外靴箱","087-847-6562",,,,"学校開校日に随時",
"222","34.306406375519686","134.09289500419402","川添小学校","高松市東山崎町207-1","体育館西入口、南棟１階運動場側","087-847-6055",,,,"学校開校日に随時",
"223","34.30147048357516","134.07004844162776","林小学校","高松市林町1108-1","体育館入口、運動場屋外トイレ入口付近","087-865-6250",,,,"学校開校日に随時",
"224","34.27393","134.06885","三渓小学校","高松市三谷町2173-1","体育館西側入口","087-889-0767",,,,"学校開校日に随時",
"225","34.27444311295487","134.04787138304312","仏生山小学校","高松市仏生山町甲2461","体育館入口、保健室廊下","087-889-0549",,,,"学校開校日に随時",
"226","34.34514","133.99823","香西小学校","高松市香西南町703-1","体育館西側入口付近の柱","087-881-3214",,,,"学校開校日に随時",
"227","34.29131181085198","134.02459932009106","一宮小学校","高松市一宮町672-1","体育館東側","087-885-1764",,,,"学校開校日に随時",
"228","34.29230","134.05263","多肥小学校","高松市多肥上町902-2","体育館前ピロティ、新運動場体育倉庫壁面","087-889-0537",,,,"学校開校日に随時",
"229","34.26745624923434","134.0072870932633","川岡小学校","高松市川部町1552","体育館北入口","087-885-1253",,,,"学校開校日に随時",
"230","34.28477329877967","134.00504425306787","円座小学校","高松市円座町1630-2","体育館西側外壁","087-885-2542",,,,"学校開校日に随時",
"231","34.30010916384515","133.9939583163935","檀紙小学校","香川県高松市御厩町816","職員玄関靴箱の上","087-885-1715",,,,"学校開校日に随時",
"232","34.32862867364402","134.00453019944445","弦打小学校","高松市鶴市町374-1","体育館入口靴箱、職員室","087-881-3523",,,,"学校開校日に随時",
"233","34.32703942289716","133.98849039306742","鬼無小学校","高松市鬼無町佐藤607-1","体育館入口","087-881-2413",,,,"学校開校日に随時",
"234","34.35827364533418","133.96855841417477","下笠居小学校","高松市生島町345","体育館西入口","087-881-3188",,,,"学校開校日に随時",
"235","34.275816440410665","134.08935834519508","川島小学校","高松市川島東町864-1","体育館入口靴箱壁面","087-848-0050",,,,"学校開校日に随時",
"236","34.274770126220574","134.10289651020236","十河小学校","高松市十川西町366-5","北館１階職員室通路壁面","087-848-0319",,,,"学校開校日に随時",
"237","34.23892782759515","134.0975919283806","東植田小学校","高松市東植田町2008","校舎玄関","087-849-0062",,,,"学校開校日に随時",
"238","34.2391749398696","134.0788255418043","植田小学校","高松市西植田町2337","体育館入口、玄関（脱靴場）","087-849-0103",,,,"学校開校日に随時",
"239","34.31176213494973","134.06265945007527","中央小学校","高松市松縄町1138","体育館北側","087-866-2944",,,,"学校開校日に随時",
"240","34.30590423415212","134.04413005010292","太田南小学校","高松市太田下町1823-1","体育館入口、職員室前の廊下","087-865-9395",,,,"学校開校日に随時",
"241","34.320798750326816","134.07481751321234","木太南小学校","高松市木太町1530-1","体育館東側通路外側壁面、運動場南側屋外トイレ入口","087-866-7295",,,,"学校開校日に随時",
"242","34.32686669027433","134.09852652140364","古高松南小学校","高松市新田町甲2605","体育館外側壁面","087-843-2467",,,,"学校開校日に随時",
"243","34.35426","134.11635","屋島東小学校","高松市屋島東町942-1","体育館東入口右側壁面","087-843-8402",,,,"学校開校日に随時",
"244","34.3514622914541","134.09048507817948","屋島西小学校","高松市屋島西町2469","体育館北東入口前ピロティ、ピロティ","087-841-1063",,,,"学校開校日に随時",
"245","34.33580221904229","134.0800641815361","木太北部小学校","高松市木太町2613","体育館入口周辺外壁（ピロティ）","087-831-4150",,,,"学校開校日に随時",
"246","34.15248544495623","134.07659797946815","上西小学校跡施設","高松市塩江町上西乙461","体育館西側壁面",,"月火水木金土日","0:00","23:59","通年利用可能",
"247","34.17021","134.08308","塩江小学校跡施設","高松市塩江町 安原上東365","校舎玄関横",,"月火水木金土日","0:00","23:59","通年利用可能",
"248","34.19794389927988","134.0407201467151","安原小学校跡施設","高松市塩江町安原下第2号1684","校舎南側",,"月火水木金土日","0:00","23:59","通年利用可能",
"249","34.33642133794544","134.14150830267977","牟礼小学校","高松市牟礼町大町1560","体育館下トイレ壁面","087-845-9239",,,,"学校開校日に随時",
"250","34.35070","134.12560","牟礼北小学校","高松市牟礼町牟礼2900-1","玄関（北東１階東端）","087-845-5742",,,,"学校開校日に随時",
"251","34.333685845605544","134.15264096476972","牟礼南小学校","高松市牟礼町大町1115-1","体育館入口外","087-845-9324",,,,"学校開校日に随時",
"252","34.38494624726252","134.13116272216973","庵治小学校","高松市庵治町790-1","体育館南側入口左側","087-871-2581",,,,"学校開校日に随時",
"253","34.267062392959204","134.02680985797423","大野小学校","高松市香川町大野1045-1","体育館西側入口、プールの入口","087-885-2165",,,,"学校開校日に随時",
"254","34.25929618064082","134.0408720386058","浅野小学校","高松市香川町浅野3088","体育館東側入口","087-889-0215",,,,"学校開校日に随時",
"255","34.24146","134.03516","川東小学校","高松市香川町川東上1865-8","体育館１階ピロティの壁面（プール入口付近）","087-879-2012",,,,"学校開校日に随時",
"256","34.24166985541595","134.00915824535474","香南小学校","高松市香南町横井1008","体育館入口外","087-879-2269",,,,"学校開校日に随時",
"257","34.30634","133.96288","国分寺北部小学校","高松市国分寺町新居1880","体育館西入口","087-874-1154",,,,"学校開校日に随時",
"258","34.283910732148286","133.9618240667823","国分寺南部小学校","高松市国分寺町福家甲3005","西館と本館の間の渡り廊下壁面","087-874-1160",,,,"学校開校日に随時",
"259","34.34717879284452","134.0297879943717","日新小学校跡施設","高松市瀬戸内町18-2","体育館１階北側入口",,"月火水木金土日","0:00","23:59","通年利用可能",
"260","34.34086725626537","134.05694342636997","築地小学校跡施設","高松市築地町14-1","体育館北側入口",,"月火水木金土日","0:00","23:59","通年利用可能",
"261","34.32648","134.05205","桜町中学校","高松市桜町二丁目12-4","北校舎入口外、南館２階廊下","087-861-1668",,,,"学校開校日に随時",
"262","34.3407154162513","134.0335631479923","紫雲中学校","高松市紫雲町8-25","１階校舎入口、事務室前、４階３年生職員室","087-861-7144",,,,"学校開校日に随時",
"263","34.33386090815888","134.06612565484534","玉藻中学校","高松市上福岡町714-1","第２体育館入口","087-861-8196",,,,"学校開校日に随時",
"264","34.33898","134.06213","高松第一中学校","高松市松島町二丁目14-5","体育館出入口西側の柱","087-832-0311",,,,"学校開校日に随時",
"265","34.31575","134.02694","鶴尾中学校","高松市松並町639-1","体育館","087-867-3382",,,,"学校開校日に随時",
"266","34.34105994505991","134.1047319384623","屋島中学校","高松市屋島中町295","玄関外側","087-841-2236",,,,"学校開校日に随時",
"267","34.30723656767361","134.0861519706566","協和中学校","高松市元山町88-2","体育館入口の外、１．２年職員室","087-867-5937",,,,"学校開校日に随時",
"268","34.282608127600454","134.05098452350757","龍雲中学校","高松市出作町331-2","体育館入口、職員室入口付近廊下側","087-889-0131",,,,"学校開校日に随時",
"269","34.34240","133.99931","勝賀中学校","高松市香西南町565","体育館外側壁面","087-881-3141",,,,"学校開校日に随時",
"270","34.29308162188772","134.02551708267362","一宮中学校","高松市一宮町1185-1","本館１階南側壁面","087-885-1664",,,,"学校開校日に随時",
"271","34.294943478589246","134.00990245030295","香東中学校","高松市円座町771","体育館、職員室西側廊下","087-886-6580",,,,"学校開校日に随時",
"272","34.357468963933954","133.96695290470524","下笠居中学校","高松市生島町372-1","体育館外側壁面","087-881-2621",,,,"学校開校日に随時",
"273","34.268054080721626","134.0930777234385","山田中学校","高松市川島東町1257-1","職員室入口、３階教師コーナー","087-848-0071",,,,"学校開校日に随時",
"274","34.30595734231528","134.04561732683663","太田中学校","高松市太田下町1800","体育館正面入口付近外側","087-866-1370",,,,"学校開校日に随時",
"275","34.33224140335119","134.10260472386915","古高松中学校","高松市新田町甲190-1","体育館前入口外側","087-841-1577",,,,"学校開校日に随時",
"276","34.31400","134.06736","木太中学校","高松市木太町5059-3","体育館前入口外側","087-866-5588",,,,"学校開校日に随時",
"277","34.181552429038746","134.07383102083173","塩江中学校","高松市塩江町安原上231-1","運動場側出入口壁面","087-893-0032",,,,"学校開校日に随時",
"278","34.340171262392545","134.14326948525695","牟礼中学校","高松市牟礼町牟礼46-2","玄関外側","087-845-9604",,,,"学校開校日に随時",
"279","34.38395","134.13064","庵治中学校","高松市庵治町691-1","南館１階保健室横外壁","087-871-2716",,,,"学校開校日に随時",
"280","34.25348","134.03083","香川第一中学校","高松市香川町浅野1188","健心館入口柱、運動場、第３グラウンド部室棟内","087-879-2131",,,,"学校開校日に随時",
"281","34.24299723149001","134.00808446130782","香南中学校","高松市香南町横井801","職員室玄関前","087-879-2064",,,,"学校開校日に随時",
"282","34.29744","133.96445","国分寺中学校","高松市国分寺町新居1131-1","玄関外の壁、第２体育館正面玄関","087-874-0031",,,,"学校開校日に随時",
"283","34.32803735754493","134.05254294477447","高松第一高等学校","高松市桜町二丁目5-10","校舎内","087-861-0244",,,,"学校開校日に随時","有"
"284","34.34543959936762","134.05367147347982","高松市生涯学習センター","高松市片原町11-1","２階受付","087-811-6222","火水木金土日","9:00","22:00","日・祝は17:00まで。休館日以外利用可能。休館日：毎週月曜（月曜が祝日の場合は翌平日）及び12/29～1/3","有"
"285","34.343934521764865","134.034202944774","中央図書館","高松市昭和町一丁目2-20　","１階中央カウンター","087-861-4501",,,,"会館時のみ利用可能",
"286","34.344078195399916","134.0562285573218","総合教育センター","高松市末広町5","西棟入口前","087-811-2161","月火水木金","8:30","17:15","祝日、12/29～1/3を除く",
"287","34.283185147857324","134.0496880542421","教育支援センター「みなみ」","高松市出作町348-6","入口前","087-889-8900","月火水木金","8:30","17:15","祝日、12/29～1/3を除く",
"288","34.341112671868515","134.0452389629387","上下水道局","高松市番町一丁目10-14",,,,,,,
"289","34.33414583","134.0151492","御殿場浄水場","高松市鶴市町1360",,,,,,,
"290","34.25406404696437","134.03016058944928","浅野浄水場","高松市香川町浅野1161",,,,,,,
"291","34.30787","134.1005842","川添浄水場","高松市東山崎町1331",,,,,,,
"292","34.34041888908895","134.04471800562794","高松市上下水道工事業協同組合","高松市天神前5-30","自社ビル北側壁面",,,,,,
"293","34.22225536396709","133.9529355954793","株式会社リバートップ","綾歌郡綾川町山田下3184-1","店舗入口",,,,,,
"294","34.22504927785967","133.92931276227586","綾川町社会福祉協議会小規模多機能型居宅介護綾川","綾歌郡綾川町羽床上788-1","一階事務所",,,,,,
"295","34.22347011724085","133.95085079420284","医療法人社団　綾上歯科診療所","綾歌郡綾川町山田下字久保3334番地2","院内１Ｆ診療室内",,,,,,
"296","34.24901167","133.9202628","滝宮天満宮","綾歌郡綾川町滝宮1314","神社お守授与所",,,,,,
"297","34.25616139","133.9582064","デイサービスセンター綾川","綾歌郡綾川町陶2691-1","入浴更衣室出入口",,,,,,
"298","34.23791453215537","133.9041305515562","有限会社　綾南交通","綾歌郡綾川町羽床下2312-1","建物南側自動販売機脇",,,,,,
"299","34.24646194","133.9411406","香川県農業協同組合綾坂地区営農センター","綾歌郡綾川町陶4742番地1","１階事務所",,,,,,
"300","34.21775139","133.9492003","綾川町B&G綾上海洋センター","綾歌郡綾川町3694-1","一階事務所",,,,,,
"301","34.27706528","134.1006447","ダイキ（株）ホームセンターダイキONE川島","高松市川島東町504","店舗サービスカウンター",,,,,,
"302","34.33007083","134.0660058","ダイキ（株）ホームセンターダイキ上福岡店","高松市上福岡町838-1","サービスカウンター",,,,,,
"303","34.34320056","134.1315594","ダイキ（株）ホームセンターダイキ牟礼店","高松市牟礼町牟礼1080","サービスカウンター",,,,,,
"304","34.26433194","134.0332867","ダイキ（株）ホームセンターダイキ香川店","高松市香川町大野76番地1","サービスカウンター",,,,,,
"305","34.34253861","134.0073361","ダイキ（株）ホームセンターダイキ香西店","高松市香西東町350-1","サービスカウンター",,,,,,
"306","34.30085976930805","134.09286984943367","ダイキ（株）ホームセンターダイキ水田店","高松市東山崎町291-1","サービスカウンター",,,,,,
"307","34.26226543664892","134.13502966954155","ダイキ（株）ホームセンターダイキ三木店","木田郡三木町大字氷上894番地","サービスカウンター",,,,,,
"308","34.15981","133.9882222","柏原渓谷キャンプ村TaTuTaの森","綾歌郡綾川町枌所東3808番地","管理棟",,,,,,
"309","34.21855549282995","133.9520375132626","綾川町もみじ温泉社会福祉センター","綾歌郡綾川町東分甲343番地3","トレーニングルーム",,,,,,
"310","34.249916190033645","133.9211128892561","香川町梅の里社会福祉センター","綾歌郡綾川町滝宮276番地","１階事務所",,,,,,
"311","34.24981583","133.9242236","綾川町立生涯学習センター","綾歌郡綾川町滝宮318","カウンター内",,,,,,
"312","34.25281639","133.9500492","綾川町立陶公民館","綾歌郡綾川町陶5866-1","公民館玄関付近",,,,,,
"313","34.23447806","133.9057075","綾川町立羽床公民館","綾歌郡綾川町羽床下2259番地2","公民館玄関付近",,,,,,
"314","34.19781482325948","133.99490707252568","綾川町立枌所公民館","綾歌郡綾川町枌所西2087-1","公民館玄関付近",,,,,,
"315","34.22169468022504","133.96431212873415","綾川町立山田公民館","綾歌郡綾川町山田上甲1313-1","公民館玄関付近",,,,,,
"316","34.20527803561329","133.95135185521275","綾川町立西分公民館","綾歌郡綾川町西分1377","公民館玄関付近",,,,,,
"317","34.22414972","133.9290372","綾川町立羽床上公民館","綾歌郡綾川町羽床上797番地","公民館玄関付近",,,,,,
"318","34.24714497366436","133.97827400185497","綾川町立昭和公民館","綾歌郡綾川町畑田2390-8","公民館玄関付近",,,,,,
"319","34.26804556","134.1487386","トレスタ白山","木田郡三木町大字下高岡972番地30","フロント、スケート場（冬）又はプール（夏）",,,,,,
"320","34.292407719666585","134.1383598566478","三木町老人福祉会館あけぼの荘","木田郡三木町大字井上1966番地5","事務所",,,,,,
"321","34.25337722125633","134.13495318962953","三木町健康生きがい中核施設　サンサン館みき","木田郡三木町大字氷上2940番地1","事務所",,,,,,
"322","34.2314058874324","134.1211464496264","サンサン館みき三木町農村運動広場","木田郡三木町大字朝倉1441番地","トレーニングセンター玄関ホール",,,,,,
"323","34.268426923810566","134.13504911398246","三木町農村環境改善センター","木田郡三木町大字氷上370番地２","玄関ホール",,,,,,
"324","34.27261056","134.1361569","三木町文化交流プラザ","木田郡三木町大字鹿伏360番地","事務所",,,,,,
"325","34.26170509069671","134.14878700704844","ウォーキングセンター","木田郡三木町大字下高岡1459番地2","玄関靴箱上部",,,,,,
"326","34.2633075","134.124605","まんでがんふれあいホーム","木田郡三木町大字田中1279番地","職員室",,,,,,
"327","34.27756218557229","134.1217159619751","池戸商工センター","木田郡三木町大字池戸2340-1","エントランス",,,,,,
"328","34.26506051351883","134.16298650985385","井戸公民館","木田郡三木町大字井戸2679-1","公民館玄関",,,,,,
"329","34.25362670321552","134.1344616780221","三木町地域交流センター","木田郡三木町大字氷上2871","事務所入口",,,,,,
"330","34.31151694","134.0335789","株式会社　幸燿","高松市田村町948番地","正面玄関ロビー",,,,,,
"331","34.33929","134.05261","市民交流プラザIKODE瓦町","高松市常磐町一丁目3-1  8階","受付カウンターの北側","087-863-2888","月火水木金土日","10:00","21:00","12/29～1/3を除く",
"332","34.42003277552436","134.056537698034","男木保育所","高松市男木町165","職員室","087-873-0614","月火水木金","9:00","16:00","開所日のみ",
"333","34.420025853178316","134.05690171067755","男木小学校","高松市男木町165","靴箱外","087-873-0506",,,,"学校開校日に随時",
"334","34.34053","134.10152","屋島レクザムフィールド","高松市屋島中町374-1","エントランスホール、事務所","087-802-7350","月火水木金土日","9:00","21:00","12/29～1/3を除く",
"335","34.34747974534211","134.13419616989876","御山公園","高松市牟礼町牟礼1355-1","プレイセンター内","087-845-5585","月水木金土日","9:00","22:00","休園日以外利用可能。休園日：毎週火曜（火曜が祝日の場合は翌平日）及び12/29～1/3",
"336","34.433543597774985","134.06087417400158","男木島灯台資料館","高松市男木町1062-3","正面入口","087-873-0001","日","9:00","16:30","日曜、祝日、7/1～8/31のみ","有"
"338","34.390015431107756","134.12845716834192","純愛の聖地庵治・観光交流館","高松市庵治町5824-4","カフェカウンター","087-871-1700","月水木金土日","9:00","17:00",,"有"
"339","34.30287232794275","133.94691132828223","讃岐国分寺跡資料館","高松市国分寺町国分2177-1","受付カウンター後部のボックス","087-874-8840","月水木金土日","9:00","16:30","開館日のみ利用可","有"
"340","34.340089814649104","134.0595957014678","高松市こども未来館","高松市松島町一丁目15-1","１階受付及び３階受付","087-839-2571","月水木金土日","9:00","21:00","日・祝は17:00まで。3階受付は9:30～17:00","有"
"341","34.2494255507162","134.0149689622217","吉光児童館","高松市香南町吉光349-13","玄関","087-879-6041","火水木金土","9:00","17:00","12/29～1/3を除く",
"343","34.31410261925669","134.03690820426863","上天神文化センター","高松市上天神町152-1","事務室","087-866-2494","月火水木金土","8:30","17:00","祝日、12/29～1/3を除く。月・土は開館日のみ（第1・3土曜開館、その翌週月曜休館）",
"344","34.305145157017535","134.02659125911117","田村文化センター","高松市田村町662-1","玄関","087-867-6904","月火水木金土","8:30","17:00","祝日、12/29～1/3を除く。月・土は開館日のみ（第1・3土曜開館、その翌週月曜休館）",
"345","34.297588933301185","134.1058298313464","中川文化センター","高松市前田東町860-3","玄関","087-847-5896","月火水木金土","8:30","17:00","祝日、12/29～1/3を除く。月・土は開館日のみ（第1・3土曜開館、その翌週月曜休館）",
"346","34.264121186842516","134.08273774660427","中原文化センター","高松市池田町391-7","玄関","087-848-1090","月火水木金土","8:30","17:00","祝日、12/29～1/3を除く。月・土は開館日のみ（第1・3土曜開館、その翌週月曜休館）",
"347","34.24739672675062","134.0152762480015","吉光文化センター","高松市香南町由佐629","廊下","087-879-6244","月火水木金土","8:30","17:00","祝日、12/29～1/3を除く。月・土は開館日のみ（第1・3土曜開館、その翌週月曜休館）",
"348","34.29969591252892","133.95922953998155","国分寺文化センター","高松市国分寺町新居1423-1","玄関","087-874-4519","月火水木金土","8:30","17:00","祝日、12/29～1/3を除く。月・土は開館日のみ（第1・3土曜開館、その翌週月曜休館）",
"349","34.3389302074132","134.0720238136929","高松市環境業務センター","高松市木太町2282-1","窓口","087-834-0389","月火水木金","8:30","17:15","祝日、12/29～1/3を除く",
"350","34.35032404360689","134.046599221382","高松駅南交通広場高速バスターミナル待合所","高松市浜ノ町1-33","待合所内",,"月火水木金土日","4:00","23:30",,
"351","34.326233639271535","134.06131259492633","今里集会場","高松市今里町二丁目3-8","正面入口",,,,,"施設利用者のみ利用可能",
"352","34.35031301858341","134.0848728745703","東部下水処理場","高松市屋島西町2366-6","管理棟玄関","087-843-8580","月火水木金","6:00","22:00","祝日、12/29～1/3を除く",
"353","34.33864469138753","134.03896265903336","北消防署","高松市宮脇町一丁目2-34","救急事務所","087-861-1551","月火水木金土日","0:00","23:59","終日利用可能","有"
"354","34.34757","134.06493","北消防署朝日分署","高松市朝日町二丁目1-39","正面入口","087-822-1419","月火水木金土日","0:00","23:59","終日利用可能","有"
"355","34.30318196055539","134.05923058363368","南消防署","高松市多肥下町1530-16","受付","087-815-0119","月火水木金土日","0:00","23:59","終日利用可能","有"
"356","34.23350659579128","134.03467965064146","南消防署香川分署","高松市香川町川東上947-1","受付","087-879-4111","月火水木金土日","0:00","23:59","終日利用可能","有"
"357","34.325995956935614","134.1059957798584","東消防署","高松市新田町甲984-1","事務所","087-843-5119","月火水木金土日","0:00","23:59","終日利用可能","有"
"358","34.35648502495556","134.12325314936157","東消防署牟礼分署","高松市牟礼町牟礼3720-328","事務所","087-845-1255","月火水木金土日","0:00","23:59","終日利用可能","有"
"359","34.33935469631868","133.99758954902495","西消防署","高松市香西南町603-1","受付","087-881-0119","月火水木金土日","0:00","23:59","終日利用可能","有"
"360","34.23714456651919","133.9461997071782","西消防署綾川分署","綾歌郡綾川町山田下1160-1","受付","087-878-1111","月火水木金土日","0:00","23:59","終日利用可能","有"
"361","34.26856329696338","134.13527800233516","三木消防署","木田郡三木町氷上373-2","玄関ホール","087-898-4119","月火水木金土日","0:00","23:59","終日利用可能","有"
"362","34.30297250024255","134.059198251081","市民防災センター","高松市多肥下町1530-16","正面入口","087-815-0126","火水木金土日","9:00","21:00","日曜は17:00まで。祝日の翌日及び12/29～1/3を除く","有"
"363","34.38411","134.12638","高松市庵治支所","高松市庵治町6393-5","支所長席後方の棚の上","087-845-2111","月火水木金","8:30","17:00","祝日、12/29～1/3を除く","有"
"364","34.34309653512652","134.07087022699278","高松市福岡会館","高松市福岡町三丁目31-18","事務室内","087-822-5939","月火水木金土","9:00","21:00","祝日、12/29～1/3を除く","有"
"365","34.34306","134.04597","高松市防災合同庁舎（危機管理センター）","高松市番町一丁目8-15","１階エントランスホール","087-839-2255","月火水木金","8:30","17:15","祝日、12/29～1/3を除く","有"
"366","34.23933","134.02166","香南歴史民俗郷土館","高松市香南町由佐253-1","受付カウンター後部のボックス","087-861-4520","月火水木金土日","9:00","17:00","開館日のみ利用可","有"
"367","34.23200004604571","133.93545288582584","香川県農業試験場","綾歌郡綾川町北1534-1","香川県農業試験場　総務",,,,,,
"368","34.25001","133.921634","綾川町立滝宮公民館","綾歌郡綾川町滝宮297番地6","玄関入口",,,,,,
"369","34.26615","134.154376","蓮井歯科ファミリークリニック","木田郡三木町大字下高岡693-1","診療室",,,,,,
"370","34.26837779599322","134.13651705797292","JA香川県ふれあいセンター三木","木田郡三木町大字氷上364-1","店舗内壁面",,,,,,
"371","34.24460451045488","134.141846520493","高齢者複合施設ヌーベル三木","木田郡三木町大字上高岡1033-1","2Fスタッフステーション内",,,,,,
"372","34.27181991340943","134.12571465158192","株式会社　たまや三木店","木田郡三木町大字池戸2839-1","ホール内カウンター",,,,,,
"373","34.274165","134.144548","特別養護老人ホーム白山山荘","木田郡三木町大字下高岡2882-1","新館1Fフロア内",,,,,,
"374","34.270536","134.131473","平木コミュニティ会館","木田郡三木町大字平木26-1","事務所",,,,,,
"375","34.262932891647026","134.1365841374233","ダイナム三木店","木田郡三木町大字氷上797","東側出入口　KIRIN自販機内設置",,,,,,
"376","34.294433984734354","134.13027778875187","社会福祉法人朝日園","木田郡三木町大字池戸931-6","事務室",,,,,,
"377","34.26967394630897","134.13190022697535","高松信用金庫　三木支店","木田郡三木町大字平木22-2","三木支店内ロビー",,,,,,
"378","34.267287","134.138127","株式会社マルナカ三木店","木田郡三木町大字氷上482-2","エスカレーター横東側",,,,,,
"379","34.287616590041225","134.1199394350458","グループホームれんげハウス","木田郡三木町大字池戸高尾2074-5","東事務室",,,,,,
"380","34.245393","134.121832","田中公民館","木田郡三木町大字田中3841-1","エントランスホール",,,,,,
"381","34.22800431008007","134.15489354065414","神山公民館","木田郡三木町大字鹿庭1755-1","公民館廊下",,,,,,
"382","34.29932","133.942103","香川県青年センター","高松市国分寺町国分1009","本館事務所・体育館入口",,,,,,
"383","34.265696","133.971307","香川トヨタ自動車株式会社　ルート32中央店","高松市国分寺町福家甲1129-2","ショールーム入口付近",,,,,,
"384","34.288973","133.961589","宮本接骨院","高松市国分寺町新名692-1","施術室",,,,,,
"385","34.253202","133.946296","香川県農業協同組合ふれあいセンター綾南店","綾歌郡綾川町陶4164番地1","事務所前",,,,,,
"389","34.282025","134.123495","あやの歯科医院","木田郡三木町池戸2186-1",,,,,,,
"392","34.346792","134.066031","ホテルマリンパレスさぬき","高松市福岡町二丁目3番4号",,,,,,,
"394","34.319608","134.042605","リコージャパン株式会社","高松市東ハゼ町9番地7",,,,,,,
"395","34.274757","134.124269","阿部歯科医院","木田郡三木町池戸2878",,,,,,,
"396","34.266092","134.16124","医療法人社団ささき歯科医院","木田郡三木町井戸2579-6",,,,,,,
"397","34.27841557375832","134.12024762278685","医療法人社団審美会もり歯科矯正歯科医院","木田郡三木町池戸3267-4",,,,,,,
"398","34.273239","134.123122","一般社団法人木田地区医師会","木田郡三木町大字池戸2991番地2",,,,,,,
"399","34.25297137322799","134.13482741535506","岡沢歯科医院","木田郡三木町田中3744-2",,,,,,,
"400","34.262870941873715","134.15778577854496","学校法人三木学園あおば幼稚園","木田郡三木町井戸2394",,,,,,,
"403","34.32510058539634","134.04849841507905","株式会社四電工","高松市花ノ宮町二丁目3番9号",,,,,,,
"404","34.251526","134.163002","株式会社フジデリカ東四国工場","木田郡三木町井戸1293-1",,,,,,,
"406","34.315603","134.054671","香川県農業協同組合高松市太田支店","高松市伏石町2047-1",,,,,,,
"408","34.34707583826466","134.06315938579672","香川県立武道館","高松市福岡町一丁目5-5",,,,,,,
"424","34.23822400000026","134.145161845889","三木町総合運動公園","木田郡三木町大字上高岡2544-3",,,,,,,
"427","34.350298","134.063999","社会保険診療報酬支払基金香川支部","髙松市朝日町二丁目17番3号",,,,,,,
"428","34.338042","134.047475","損保ジャパン日本興亜株式会社","高松市中新町2-8",,,,,,,
"429","34.257298","133.922363","大陽工機株式会社","綾歌郡綾川町滝宮2457-1",,,,,,,
"431","34.24104641571496","134.15666138907056","特別養護老人ホームみき山荘","木田郡三木町井戸38番地1",,,,,,,
"446","34.3449110676851","134.04642254094728","株式会社アルファリビング高松紺屋町","高松市紺屋町5-3　あなぶきメディカルケア",,,,,,,
"451","34.223429","134.017527","香川県園芸総合センター","高松市香南町岡1164-1",,,,,,,
"454","34.34473228330016","134.05040469940622","高松丸亀町商店街振興組合","高松市丸亀町13-2",,,,,,,
"463","34.324962","134.051008","四電エンジニアリング株式会社","高松市上之町三丁目1番4号",,,,,,,
"464","34.294461","134.074744","四電エンジニアリング株式会社技術開発センター","高松市林町2217-4",,,,,,,
"465","34.256011313893836","134.02912778482232","社会福祉法人高松市社会福祉協議会香川支所","高松市香川町大野450番地",,,,,,,
"466","34.2388868866701","134.00739281150248","社会福祉法人高松市社会福祉協議会香南支所","高松市香南町横井1028番地",,,,,,,
"467","34.297611","133.965356","社会福祉法人高松市社会福祉協議会国分寺支所","高松市国分寺町新居1151151番地１",,,,,,,
"468","34.344448","134.064212","社会福祉法人高松市社会福祉協議会本所","高松市福岡町二丁目24番10号",,,,,,,
"469","34.340286","134.137202","社会福祉法人高松市社会福祉協議会牟礼支所","高松市牟礼町牟礼216番地1",,,,,,,
"470","34.355095","134.058876","出光興産株式会社高松油槽所","高松市朝日町四丁目29-1",,,,,,,
"474","34.299172","134.089169","創心会リハビリ倶楽部高松中央","高松市六条町168-3",,,,,,,
"475","34.344591","134.049056","損害保険ジャパン日本興亜株式会社","高松市紺屋町1-6",,,,,,,
"476","34.285472","134.097105","富士道路施設株式会社","高松市小村町328-2",,,,,,,
"477","34.24136024871851","134.0340801343434","高松市香川総合センター","高松市香川町川東上1865-13","正面入口入ってすぐのロビー","087-879-3211","月火水木金","8:30","17:00","祝日、12/29～1/3を除く","有"
"478","34.29719811210933","133.96043374717","高松市国分寺総合センター","高松市国分寺町新居1298","１階４番窓口","087-874-1111","月火水木金","8:30","17:15","祝日、12/29～1/3を除く","有"
"479","34.33590","134.07822","高松市木太北部会館","高松市木太町2541-2","玄関横","087-862-9229","月火水木金土","9:00","21:00","祝日、12/29～1/3を除く","有"
"480","34.22249633501997","134.01918741502203","香南アグリーム","高松市香南町岡1270-13","正面入口横1階事務所内","087-879-8741","月火木金土日","9:00","17:00","年末年始及び臨時休業日を除く","有"
"481","34.35653","134.00379","香東川浄化センター","高松市香西本町762","正面玄関","087-842-5421","月火水木金","7:00","20:00","祝日、12/29～1/3を除く","有"
"482","34.35267865893918","134.1214837471702","牟礼浄化苑","高松市牟礼町牟礼2633-3","正面玄関","087-843-8580","月火水木金","7:30","19:00","祝日、12/29～1/3を除く","有"
"483","34.18171","134.07474","塩江小学校","高松市塩江町安原上231-1","小学校校舎運動場出入口（屋外）西側壁面","087-893-0171",,,,"学校開校日に随時",
"484","34.3030048","134.028818","JSSセンコースイミングスクール","高松市鹿角町903-3",,,,,,,
"485","34.304334","134.092414","香川中央自動車学校","高松市東山崎町200-1",,,,,,,
"486","34.31137","134.035319","T・D・S高松自動車学校","高松市上天神町646番地",,,,,,,
"487","34.34619553245487","134.0852010959269","銀星自動車学校","高松市屋島西町2366番地8",,,,,,,
"488","34.298808","134.01361","ハッピードライビングスクール","高松市成合町931番地1",,,,,,,
"491","34.333409","134.052296","フィンズスイミングスクール栗林","高松市藤塚町三丁目12‐8",,,,,,,
"492","34.30044119313848","134.06143532367116","フィンズスイミングスクール多肥","高松市多肥下町577‐1",,,,,,,
"494","34.254515","134.034247","WAM オールアスリートステーション","高松市香川町浅野998番地",,,,,,,
"495","34.36351","133.959837","香川県総合運動公園","高松市生島町614",,,,,,,
"496","34.308531","133.980654","香川県立総合水泳プール","高松市御厩町1585‐1",,,,,,,
"497","34.212023","134.016963","さぬきこどもの国","高松市香南町由佐3209",,,,,,,
"498","34.329787","134.056563","株式会社フジ　フジ楠上店","高松市楠上町二丁目3‐15",,,,,,,
"499","34.347794","134.050388","四国電力株式会社　本店","高松市丸の内2‐5",,,,,,,
"500","34.29215","134.091072","ピナクルジム","高松市下田井町372‐1",,,,,,,
"502","34.219023","134.018408","高松空港株式会社","高松市香南町岡1312-7",,,,,,,
"503","34.347299","134.043015","香川県歯科医療専門学校","高松市錦町二丁目8-37",,,,,,,
"504","34.345046","134.068793","四国クリエイト協会","高松市福岡町三丁目11-22",,,,,,,
"505","34.338701","134.065245","在宅療養ネットワーク","高松市松島町二丁目12-8",,,,,,,
"506","34.34279810032494","134.03482116751337","かがやきの季　昭和町","高松市昭和町一丁目7-23　",,,,,,,
"507","34.25549","134.056435","障害者支援施設　ウインドヒル","高松市三谷町3851",,,,,,,
"508","34.340076","134.083221","プロスパークラブサンダ","高松市木太町2702-1",,,,,,,
"509","34.278621","134.027285","さきやまペットクリニック","高松市寺井町1106-4",,,,,,,
"510","34.309216","134.048046","オークラサービス株式会社　高松営業所","高松市太田下町2429-3",,,,,,,
"511","34.241305","134.104496","公渕森林公園","高松市東植田町1210-3",,,,,,,
"512","34.322247","134.044789","川西接骨院","高松市上之町一丁目1-16",,,,,,,
"513","34.326532","134.062323","フモト接骨院","高松市上福岡町2056-1",,,,,,,
"514","34.305122","134.092873","えのきど接骨院・鍼灸院","高松市東山崎町206-1　吉洸ビル1F",,,,,,,
"515","34.324536","134.078625","久保接骨院","高松市木太町3505-1",,,,,,,
"516","34.284441","134.028543","国方接骨院","高松市一宮町178-1",,,,,,,
"517","34.305871","133.990154","神髙接骨院","高松市御厩町483-7",,,,,,,
"518","34.278018","134.118229","石原接骨院","木田郡三木町池戸3313",,,,,,,
"519","34.272998","134.008689","香川県立川部みどり園","高松市川部町418",,,,,,,
"520","34.30521","134.033023","社会福祉法人　香川ボランティア協会","高松市田村町1151-1",,,,,,,
"521","34.28445","134.04099","仏生山交流センター","高松市仏生山町甲218番地1","正面入口西側","087-889-4907","月火水木金","8:30","17:00","祝日、12/29～1/3を除く",
"522","34.277027543067376","134.0856220200468","高松市山田総合センター","高松市川島本町191-10","南側エントランス","087-848-0165","月火水木金土日","9:00","21:00","日曜日は9：00～17：00、（祝日、8/13～8/15、12/29～1/3を除く）",
"523","34.34124","134.14021","田井保育所","高松市牟礼町牟礼100-1","正面玄関入口","087-845-5411","月火水木金土","7:30","18:30","開所日のみ。土曜日は17:00まで。","有"
"524","34.28727","134.09151","川島こども園","高松市川島東町253-4","職員室入口","087-848-0075","月火水木金土","7:30","19:00","開所日のみ。土曜日は17:00まで。",
"525","34.25785","134.03705","浅野こども園","高松市香川町浅野816-1","玄関内側","087-889-2416","月火水木金土","7:30","19:00","開所日のみ。土曜日は17:00まで。",
"526","34.35825183572365","134.09926948799375","高松市屋島山上交流拠点施設","高松市屋島東町1784番地6","受付裏の事務室","087-802-8466","月水木金土日","9:00","17:00","金・土・祝日前日は21:00まで。","有"
"527","34.36006","134.06504","高松市朝日新町学校給食センター","高松市朝日新町26-25","2階事務室","087-811-6300","月火水木金","8:30","17:30","12/29～1/3を除く",
"528","34.29596","134.07861","高松市六条町学校給食センター","高松市六条町700","2階事務室前","087-865-1060","月火水木金","8:30","17:30","12/29～1/3を除く",
"529","34.288941065982144","134.0212363832017","株式会社　塵芥センター","高松市一宮町1686-6","本社玄関","087-886-3040","月火水木金土日","7:00","1700",,
"530","34.25725211198866","134.0209222699674","株式会社　塵芥センター大野工場","高松市香川町大野2604-1","大野工場西棟","087-879-4417","月火水木金土日","8:00","17:00",,
"531","34.348353199196126","134.04842386033897","第一生命保険株式会社　東四国支社","高松市寿町二丁目1-1　高松第一生命ビル新館9F","第一生命ビル新館9F","087-851-0101","月火水木金","9:00","17:00","年末年始を除く",
"532","34.302855244513026","134.01606673218845","メリーＧＯランド高松園","高松市成合町796-1","玄関","087-886-6669","月火水木金","8:00","18:30",,
"533","34.34952142893175","134.0678608360094","葵機工株式会社","高松市朝日町三丁目7-5","事務所内","087-822-5025","月火水木金","8:30","17:30",,
"534","34.292943471633734","134.03524753418628","幼保連携型認定こども園　すまいる","高松市三名町591-1","2歳児保育室前","087-802-3838","月火水木金","7:30","19:00",,
"535","34.285074840005706","134.11045772645753","社会福祉法人みどり福祉会　若葉保育園","高松市亀田南町108-2","玄関","087-847-7932","月火水木金土","7:00","18:00","7:00～18:00(平日)、8:00～16:00(土曜日)",
"536","34.229138810454444","133.979075520148","シンコユニ株式会社","綾歌郡綾川町千疋4343","事務所受付","087-877-1000","月火水木金","8:30","18:00",,
"537","34.35483675930155","134.06576769927653","株式会社　三和テスコ","高松市朝日町四丁目11番67号","事務所","087-821-4431","月火水木金","8:15","17:15",,
"538","34.30874471895039","134.03986617070632","OZディたかまつ","高松市太田下町2167-1","キッチンスペース","087-880-5605","月火水木金","10:00","17:00",,
